Name;Latitude;Longitude;CountryCode;StatusId;ReactorTypeId;ReactorModel;ConstructionStartAt;OperationalFrom;OperationalTo;Capacity;Source;LastUpdatedAt;Id
Ã…gesta;59.206000;18.082900;SE;5;20;;1957-12-01;1964-05-01;1974-06-02;9;WNA/IAEA;2015-05-24T04:51:37+03:00;1
Akademik Lomonosov-1 (Vilyuchinsk);59.919000;30.261000;RU;2;21;KLT-40S 'Floating';2007-04-15;;;32;WNA/IAEA;2015-05-24T04:54:13+03:00;2
Akademik Lomonosov-2 (Vilyuchinsk);59.919000;30.261000;RU;2;21;KLT-40S 'Floating';2007-04-15;;;32;WNA/IAEA;2015-05-24T04:54:13+03:00;3
Akhvaz-1;;;IR;1;;;;;;;WNA;;4
Akhvaz-2;;;IR;1;;;;;;;WNA;;5
Akkuyu-1;36.144444;33.541111;TR;2;21;VVER V-509;2018-04-03;;;1114;WNA/wikipedia/IAEA;2018-07-01T01:21:08+03:00;6
Akkuyu-2;36.144444;33.541111;TR;1;21;;;;;;wikipedia;;7
Akkuyu-3;36.144444;33.541111;TR;1;21;;;;;;wikipedia;;8
Akkuyu-4;36.144444;33.541111;TR;1;21;;;;;;wikipedia;;9
Aktau (Shevchenko);43.607000;51.283000;KZ;5;7;BN-350;1964-10-01;1973-07-16;1999-04-22;135;WNA/IAEA;2015-05-24T04:51:31+03:00;10
Almaraz-1;39.807000;-5.698000;ES;3;21;WH 3LP;1973-07-03;1983-09-01;;900;WNA/IAEA;2017-02-10T23:56:15+02:00;11
Almaraz-2;39.807000;-5.698000;ES;3;21;WH 3LP;1973-07-03;1984-07-01;;900;WNA/IAEA;2019-06-02T20:17:55+03:00;12
Angra-1;-23.008000;-44.457000;BR;3;21;WH 2LP;1971-05-01;1985-01-01;;626;WNA/IAEA;2017-02-10T23:55:45+02:00;13
Angra-2;-23.008000;-44.457000;BR;3;21;PRE KONVOI;1976-01-01;2001-02-01;;1245;WNA/IAEA;2015-05-24T04:50:19+03:00;14
Angra-3;-23.010000;-44.470000;BR;2;21;PRE KONVOI;2010-06-01;;;1340;WNA/IAEA;2018-07-01T01:21:29+03:00;15
APS-1 Obninsk;55.084000;36.570000;RU;5;17;AM-1;1951-01-01;1954-12-01;2002-04-29;5;WNA/IAEA;2015-05-24T04:51:32+03:00;16
Arkansas Nuclear One-1 (ANO-1);35.310000;-93.230000;US;3;21;B&W LLP (DRYAMB);1968-10-01;1974-12-19;;850;WNA/IAEA;2017-02-10T23:58:30+02:00;17
Arkansas Nuclear One-2 (ANO-2);35.310000;-93.229000;US;3;21;CE 2LP (DRYAMB);1968-12-06;1980-03-26;;912;WNA/IAEA;2017-02-10T23:58:53+02:00;18
Armenia-1 (Armenian-1 / Metsamor);40.182000;44.147000;AM;5;21;VVER V-270;1969-07-01;1977-10-06;1989-02-25;376;WNA/IAEA;2015-05-24T04:48:59+03:00;19
Armenia-2 (Armenian-2 / Metsamor);40.182000;44.147000;AM;3;21;VVER V-270;1975-07-01;1980-05-03;;375;WNA/IAEA;2015-05-24T04:49:43+03:00;20
Armenia-3 (Armenian-3 / Metsamor);40.180800;44.147200;AM;1;21;;;;;;WNA;;21
Asco-1;41.202000;0.571000;ES;3;21;WH 3LP;1974-05-16;1984-12-10;;888;WNA/IAEA;2017-02-10T23:56:18+02:00;22
Asco-2;41.202000;0.571000;ES;3;21;WH 3LP;1975-03-07;1986-03-31;;888;WNA/IAEA;2017-02-10T23:56:18+02:00;23
Atucha-1;-33.967000;-59.209000;AR;3;20;PHWR KWU;1968-06-01;1974-06-24;;319;WNA/IAEA;2015-05-24T04:50:04+03:00;24
Atucha-2;-33.967000;-59.209000;AR;3;20;PHWR KWU;1981-07-14;2016-05-26;;692;WNA/IAEA;2017-09-25T03:19:13+03:00;25
Balakovo-1;52.092000;47.952000;RU;3;21;VVER V-320;1980-12-01;1986-05-23;;950;WNA/IAEA;2015-05-24T04:51:36+03:00;26
Balakovo-2;52.092000;47.952000;RU;3;21;VVER V-320;1981-08-01;1988-01-18;;950;WNA/IAEA;2015-05-24T04:51:36+03:00;27
Balakovo-3;52.092000;47.952000;RU;3;21;VVER V-320;1982-11-01;1989-04-08;;950;WNA/IAEA;2015-05-24T04:51:36+03:00;28
Balakovo-4;52.092000;47.952000;RU;3;21;VVER V-320;1984-04-01;1993-12-22;;950;WNA/IAEA;2015-05-24T04:51:36+03:00;29
Baltic-1;54.939000;22.162000;RU;2;21;VVER V-491;2012-02-22;;;1109;WNA/IAEA;2015-05-24T04:51:57+03:00;30
Barakah-1 (Braka);23.952748;52.193298;AE;2;21;APR-1400;2012-07-19;;;1345;WNA/IAEA;2015-12-27T17:05:51+02:00;31
Barakah-2 (Braka);23.952748;52.193298;AE;2;21;APR-1400;2013-04-16;;;1345;WNA/IAEA;2015-12-27T17:05:52+02:00;32
Barakah-3 (Braka);23.952748;52.203298;AE;2;21;APR-1400;2014-09-24;;;1345;WNA/IAEA;2015-05-24T04:51:58+03:00;33
Bargi-1 (Chutka-1);;;IN;1;20;;;;;;WNA;;34
Bargi-2 (Chutka-2);;;IN;1;20;;;;;;WNA;;35
Barseback-1;55.745000;12.926000;SE;5;5;AA-II;1971-02-01;1975-07-01;1999-11-30;570;WNA/IAEA;2018-03-10T14:52:00+02:00;36
Barseback-2;55.745000;12.926000;SE;5;5;AA-II;1973-01-01;1977-07-01;2005-05-31;570;WNA/IAEA;2018-03-10T14:52:02+02:00;37
Beaver Valley-1;40.624000;-80.432000;US;3;21;WH 3LP (DRYSUB);1970-06-26;1976-10-01;;835;WNA/IAEA;2017-02-10T23:58:44+02:00;38
Beaver Valley-2;40.624000;-80.432000;US;3;21;WH 3LP (DRYSUB);1974-05-03;1987-11-17;;836;WNA/IAEA;2017-02-10T23:58:59+02:00;39
Belarusian-1;54.766667;26.116667;BY;2;21;VVER V-491;2013-11-08;;;1110;IAEA;2018-03-10T14:54:38+02:00;40
Belarusian-2;54.766667;26.116667;BY;2;21;VVER V-491;2014-04-27;;;1110;IAEA;2018-03-10T14:54:39+02:00;41
Belene-1;43.624530;25.186750;BG;9;21;;;;;953;WNA/IAEA;2018-03-10T13:41:44+02:00;42
Belene-2;43.624530;25.186500;BG;9;21;;;;;953;WNA/IAEA;2018-03-10T13:41:49+02:00;43
Belleville-1;47.511000;2.871000;FR;3;21;P4 REP 1300;1980-05-01;1988-06-01;;1310;WNA/IAEA;2015-05-24T04:51:02+03:00;44
Belleville-2;47.511000;2.871000;FR;3;21;P4 REP 1300;1980-08-01;1989-01-01;;1310;WNA/IAEA;2015-05-24T04:51:02+03:00;45
Beloyarsk-1;56.842000;61.321000;RU;5;17;AMB-100;1958-06-01;1964-04-26;1983-01-01;102;WNA/IAEA;2015-05-24T04:51:34+03:00;46
Beloyarsk-2;56.842000;61.321000;RU;5;17;AMB-200;1962-01-01;1969-12-01;1990-01-01;146;WNA/IAEA;2015-05-24T04:51:35+03:00;47
Beloyarsk-3;56.842000;61.321000;RU;3;7;BN-600;1969-01-01;1981-11-01;;560;WNA/IAEA;2015-05-24T04:51:34+03:00;48
Beloyarsk-4;56.842000;61.321000;RU;3;7;BN-800;2006-07-18;2016-10-31;;820;WNA/IAEA;2017-09-25T03:19:53+03:00;49
Beloyarsk-5;56.842000;61.321000;RU;1;7;BN-1200;;;;;WNA/wikipedia;;50
Berkeley-1;51.692000;-2.494000;GB;5;8;MAGNOX;1957-01-01;1962-06-12;1989-03-31;138;WNA/IAEA;2015-05-24T04:51:19+03:00;51
Berkeley-2;51.692000;-2.494000;GB;5;8;MAGNOX;1957-01-01;1962-10-20;1988-10-26;138;WNA/IAEA;2015-05-24T04:51:19+03:00;52
Beznau-1;47.552000;8.229000;CH;3;21;WH 2LP;1965-09-01;1969-12-09;;350;WNA/IAEA;2017-02-10T23:55:57+02:00;53
Beznau-2;47.552000;8.229000;CH;3;21;WH 2LP;1968-01-01;1972-03-04;;350;WNA/IAEA;2017-02-10T23:56:05+02:00;54
Biblis-A;49.709000;8.415000;DE;5;21;PWR;1970-01-01;1975-02-26;2011-08-06;1146;WNA/IAEA;2015-05-24T04:50:42+03:00;55
Biblis-B;49.709000;8.415000;DE;5;21;PWR;1972-02-01;1977-01-31;2011-08-06;1178;WNA/IAEA;2015-05-24T04:50:42+03:00;56
Big Rock Point;45.359000;-85.195000;US;5;5;;1960-05-01;1963-03-29;1997-08-29;72;WNA/IAEA;2015-05-24T04:51:41+03:00;57
Bilibino-1;68.059000;166.492000;RU;5;17;EGP-6;1970-01-01;1974-04-01;2019-01-14;11;WNA/IAEA;2019-06-02T20:18:07+03:00;58
Bilibino-2;68.059000;166.492000;RU;3;17;EGP-6;1970-01-01;1975-02-01;;11;WNA/IAEA;2015-05-24T04:51:32+03:00;59
Bilibino-3;68.059000;166.492000;RU;3;17;EGP-6;1970-01-01;1976-02-01;;11;WNA/IAEA;2015-05-24T04:51:32+03:00;60
Bilibino-4;68.059000;166.492000;RU;3;17;EGP-6;1970-01-01;1977-01-01;;11;WNA/IAEA;2015-05-24T04:51:33+03:00;61
Blayais-1;45.256000;-0.691000;FR;3;21;CP1;1977-01-01;1981-12-01;;910;WNA/IAEA;2015-05-24T04:50:53+03:00;62
Blayais-2;45.256000;-0.691000;FR;3;21;CP1;1977-01-01;1983-02-01;;910;WNA/IAEA;2015-05-24T04:50:54+03:00;63
Blayais-3;45.256000;-0.691000;FR;3;21;CP1;1978-04-01;1983-11-14;;910;WNA/IAEA;2015-05-24T04:50:54+03:00;64
Blayais-4;45.256000;-0.691000;FR;3;21;CP1;1978-04-01;1983-10-01;;910;WNA/IAEA;2015-05-24T04:50:54+03:00;65
Bohunice-1;48.494000;17.687000;SK;5;21;VVER V-230;1972-04-24;1980-04-01;2006-12-31;408;WNA/IAEA;2015-05-24T04:51:38+03:00;66
Bohunice-2;48.494000;17.687000;SK;5;21;VVER V-230;1972-04-24;1981-01-01;2008-12-31;408;WNA/IAEA;2015-05-24T04:51:38+03:00;67
Bohunice-3;48.494000;17.687000;SK;3;21;VVER V-213;1976-12-01;1985-02-14;;408;WNA/IAEA;2015-05-24T04:51:38+03:00;68
Bohunice-4;48.494000;17.687000;SK;3;21;VVER V-213;1976-12-01;1985-12-18;;408;WNA/IAEA;2015-05-24T04:51:38+03:00;69
Bohunice-A1;48.494000;17.687000;SK;5;11;KS 150;1958-08-01;1972-12-25;1977-02-22;110;WNA/IAEA;2015-05-24T04:51:38+03:00;70
Bonus;18.365000;-67.268000;US;5;5;Superheater;1960-01-01;1965-09-01;1968-06-01;17;WNA/IAEA;2015-05-24T04:51:48+03:00;71
Borssele;51.431000;3.719000;NL;3;21;KWU 2LP;1969-07-01;1973-10-26;;495;WNA/IAEA;2017-02-10T23:57:03+02:00;72
BR-3;51.217000;5.099000;BE;5;21;Prototype;1957-11-01;1962-10-10;1987-06-30;11;WNA/IAEA;2015-05-24T04:50:07+03:00;73
Bradwell-1;51.742000;0.899000;GB;5;8;MAGNOX;1957-01-01;1962-07-01;2002-03-31;150;WNA/IAEA;2015-05-24T04:51:19+03:00;74
Bradwell-2;51.742000;0.899000;GB;5;8;MAGNOX;1957-01-01;1962-11-12;2002-03-30;150;WNA/IAEA;2015-05-24T04:51:19+03:00;75
Braidwood-1;41.247000;-88.230000;US;3;21;WH 4LP (DRYAMB);1975-08-01;1988-07-29;;1120;WNA/IAEA;2017-02-10T23:59:18+02:00;76
Braidwood-2;41.247000;-88.230000;US;3;21;WH 4LP (DRYAMB);1975-08-01;1988-10-17;;1120;WNA/IAEA;2017-02-10T23:59:19+02:00;77
Braka-4;23.952748;52.208298;AE;1;21;;;;;;WNA;;78
Brokdorf;53.850000;9.345000;DE;3;21;PWR;1976-01-01;1986-12-22;;1307;WNA/IAEA;2015-05-24T04:50:46+03:00;79
Browns Ferry-1;34.704000;-87.119000;US;3;5;BWR-4 (Mark 1);1967-05-01;1974-08-01;;1065;WNA/IAEA;2015-05-24T04:51:42+03:00;80
Browns Ferry-2;34.704000;-87.119000;US;3;5;BWR-4 (Mark 1);1967-05-01;1975-03-01;;1065;WNA/IAEA;2015-05-24T04:51:42+03:00;81
Browns Ferry-3;34.704000;-87.119000;US;3;5;BWR-4 (Mark 1);1968-07-01;1977-03-01;;1065;WNA/IAEA;2015-05-24T04:51:43+03:00;82
Bruce-1;44.341000;-81.572000;CA;3;20;CANDU 791;1971-06-01;1977-09-01;;732;WNA/IAEA;2015-05-24T04:50:37+03:00;83
Bruce-2;44.341000;-81.572000;CA;3;20;CANDU 791;1970-12-01;1977-09-01;;732;WNA/IAEA;2017-09-25T03:19:26+03:00;84
Bruce-3;44.341000;-81.572000;CA;3;20;CANDU 750A;1972-07-01;1978-02-01;;750;WNA/IAEA;2015-05-24T04:50:21+03:00;85
Bruce-4;44.341000;-81.572000;CA;3;20;CANDU 750A;1972-09-01;1979-01-18;;750;WNA/IAEA;2015-05-24T04:50:21+03:00;86
Bruce-5;44.341000;-81.572000;CA;3;20;CANDU 750B;1978-06-01;1985-03-01;;822;WNA/IAEA;2015-05-24T04:50:24+03:00;87
Bruce-6;44.341000;-81.572000;CA;3;20;CANDU 750B;1978-01-01;1984-09-14;;822;WNA/IAEA;2015-05-24T04:50:24+03:00;88
Bruce-7;44.341000;-81.572000;CA;3;20;CANDU 750B;1979-05-01;1986-04-10;;822;WNA/IAEA;2015-05-24T04:50:24+03:00;89
Bruce-8;44.341000;-81.572000;CA;3;20;CANDU 750B;1979-08-01;1987-05-22;;795;WNA/IAEA;2015-05-24T04:50:25+03:00;90
Brunsbuettel;53.891000;9.202000;DE;5;5;BWR-69;1970-04-15;1977-02-09;2011-08-06;770;WNA/IAEA;2015-05-24T04:50:42+03:00;91
Brunswick-1;33.958000;-78.007000;US;3;5;BWR-4 (Mark 1);1970-02-07;1977-03-18;;821;WNA/IAEA;2015-05-24T04:51:46+03:00;92
Brunswick-2;33.958000;-78.007000;US;3;5;BWR-4 (Mark 1);1970-02-07;1975-11-03;;821;WNA/IAEA;2015-05-24T04:51:46+03:00;93
Bugey-1;45.796000;5.268000;FR;5;8;UNGG;1965-12-01;1972-07-01;1994-05-27;540;WNA/IAEA;2015-05-24T04:51:08+03:00;94
Bugey-2;45.796000;5.268000;FR;3;21;CP0;1972-11-01;1979-03-01;;920;WNA/IAEA;2015-05-24T04:50:51+03:00;95
Bugey-3;45.798000;5.268000;FR;3;21;CP0;1973-09-01;1979-03-01;;920;WNA/IAEA;2015-05-24T04:50:51+03:00;96
Bugey-4;45.800000;5.267000;FR;3;21;CP0;1974-06-01;1979-07-01;;900;WNA/IAEA;2015-05-24T04:50:51+03:00;97
Bugey-5;45.800000;5.267000;FR;3;21;CP0;1974-07-01;1980-01-03;;900;WNA/IAEA;2015-05-24T04:50:51+03:00;98
Bushehr-1;28.831000;50.887000;IR;3;21;VVER V-446;1975-05-01;2013-09-23;;915;WNA/IAEA;2015-05-24T04:51:26+03:00;99
Bushehr-2;28.828700;50.889500;IR;1;21;VVER;;;;;WNA;;100
Bushehr-3;28.830500;50.887200;IR;1;;;;;;;WNA;;101
Bushehr-4;28.830500;50.887200;IR;1;;;;;;;WNA;;102
Byron-1;42.074000;-89.277000;US;3;21;WH 4LP (DRYAMB);1975-04-01;1985-09-16;;1120;WNA/IAEA;2017-02-10T23:59:17+02:00;103
Byron-2;42.074000;-89.277000;US;3;21;WH 4LP (DRYAMB);1975-04-01;1987-08-02;;1120;WNA/IAEA;2017-02-10T23:59:18+02:00;104
Calder Hall-1;54.420000;-3.491000;GB;5;8;MAGNOX;1953-08-01;1956-10-01;2003-03-31;35;WNA/IAEA;2015-05-24T04:51:09+03:00;105
Calder Hall-2;54.420000;-3.491000;GB;5;8;MAGNOX;1953-08-01;1957-02-01;2003-03-31;35;WNA/IAEA;2015-05-24T04:51:09+03:00;106
Calder Hall-3;54.420000;-3.491000;GB;5;8;MAGNOX;1955-08-01;1958-05-01;2003-03-31;35;WNA/IAEA;2015-05-24T04:51:10+03:00;107
Calder Hall-4;54.420000;-3.491000;GB;5;8;MAGNOX;1955-08-01;1959-04-01;2003-03-31;35;WNA/IAEA;2015-05-24T04:51:10+03:00;108
Callaway-1;38.763000;-91.781000;US;3;21;WH 4LP (DRYAMB);1975-09-01;1984-12-19;;1171;WNA/IAEA;2017-02-10T23:59:20+02:00;109
Calvert Cliffs-1;38.435000;-76.439000;US;3;21;CE 2LP (DRYAMB);1968-06-01;1975-05-08;;845;WNA/IAEA;2017-02-10T23:58:35+02:00;110
Calvert Cliffs-2;38.435000;-76.439000;US;3;21;CE 2LP (DRYAMB);1968-06-01;1977-04-01;;845;WNA/IAEA;2017-02-10T23:58:36+02:00;111
Caorso;45.072000;9.872000;IT;5;5;BWR-4 (Mark 2);1970-01-01;1981-12-01;1990-07-01;840;WNA/IAEA;2015-05-24T04:51:26+03:00;112
CAREM25;-33.966667;-59.211111;AR;2;21;CAREM Prototype (Integrated-PWR);2014-02-08;;;25;IAEA;2015-05-24T04:54:13+03:00;113
Carolinas CVTR;34.263000;-81.330000;US;5;20;Prototype;1960-01-01;1963-12-18;1967-01-10;17;WNA/IAEA;2017-02-10T23:57:39+02:00;114
Catawba-1;35.053000;-81.071000;US;3;21;WH 4LP (ICECND);1974-05-01;1985-06-29;;1145;WNA/IAEA;2017-02-10T23:59:13+02:00;115
Catawba-2;35.053000;-81.071000;US;3;21;WH 4LP (ICECND);1974-05-01;1986-08-19;;1145;WNA/IAEA;2017-02-10T23:59:14+02:00;116
Cattenom-1;49.416000;6.217000;FR;3;21;P4 REP 1300;1979-10-29;1987-04-01;;1300;WNA/IAEA;2015-05-24T04:51:01+03:00;117
Cattenom-2;49.416000;6.217000;FR;3;21;P4 REP 1300;1980-07-28;1988-02-01;;1300;WNA/IAEA;2015-05-24T04:51:02+03:00;118
Cattenom-3;49.416000;6.217000;FR;3;21;P4 REP 1300;1982-06-15;1991-02-01;;1300;WNA/IAEA;2015-05-24T04:51:04+03:00;119
Cattenom-4;49.416000;6.217000;FR;3;21;P4 REP 1300;1983-09-28;1992-01-01;;1300;WNA/IAEA;2015-05-24T04:51:06+03:00;120
CEFR (Chinese Experimental Fast Reactor);39.739000;116.030000;CN;3;7;BN-20;2000-05-10;;;20;WNA/IAEA;2015-05-24T04:51:58+03:00;121
Cernavoda-1;44.322000;28.061000;RO;3;20;CANDU 6;1982-07-01;1996-12-02;;650;WNA/IAEA;2015-05-24T04:51:31+03:00;122
Cernavoda-2;44.322000;28.061000;RO;3;20;CANDU 6;1983-07-01;2007-11-01;;650;WNA/IAEA;2019-06-02T20:18:16+03:00;123
Cernavoda-3;44.324300;28.057800;RO;1;20;;;;;;WNA;;124
Changjiang-1;19.446000;108.799000;CN;3;21;CNP-600;2010-04-25;2015-12-25;;601;WNA/IAEA;2017-09-25T03:20:42+03:00;125
Changjiang-2;19.446000;108.799000;CN;3;21;CNP-600;2010-11-21;2016-08-12;;601;WNA/IAEA;2017-09-25T03:20:43+03:00;126
Chapelcross-1;55.014000;-3.223000;GB;5;8;MAGNOX;1955-10-01;1959-03-01;2004-06-29;35;WNA/IAEA;2015-05-24T04:51:17+03:00;127
Chapelcross-2;55.014000;-3.223000;GB;5;8;MAGNOX;1955-10-01;1959-08-01;2004-06-29;35;WNA/IAEA;2015-05-24T04:51:18+03:00;128
Chapelcross-3;55.014000;-3.223000;GB;5;8;MAGNOX;1955-10-01;1959-12-01;2004-06-29;35;WNA/IAEA;2015-05-24T04:51:18+03:00;129
Chapelcross-4;55.014000;-3.223000;GB;5;8;MAGNOX;1955-10-01;1960-03-01;2004-06-29;35;WNA/IAEA;2015-05-24T04:51:18+03:00;130
Chasma-1 (Chasnupp-1);32.392000;71.463000;PK;3;21;CNP-300;1993-08-01;2000-09-15;;300;WNA/IAEA;2015-05-24T04:51:31+03:00;131
Chasma-2 (Chasnupp-2);32.392000;71.463000;PK;3;21;CNP-300;2005-12-28;2011-05-18;;300;WNA/IAEA;2015-05-24T04:51:31+03:00;132
Chasma-3 (Chasnupp-3);32.392000;71.465000;PK;3;21;CNP-300;2011-05-28;2016-12-01;;315;WNA/IAEA;2017-09-25T03:20:45+03:00;133
Chasma-4 (Chasnupp-4);32.391944;71.461667;PK;3;21;CNP-300;2011-12-18;2017-09-19;;313;IAEA;2018-03-10T14:53:16+02:00;134
Chernobyl-1;51.389000;30.103000;UA;5;17;RBMK;1970-03-01;1978-05-27;1996-11-30;925;WNA/IAEA;2015-05-24T04:51:39+03:00;135
Chernobyl-2;51.389000;30.103000;UA;5;17;RBMK;1973-02-01;1979-05-28;1991-10-11;925;WNA/IAEA;2015-05-24T04:51:39+03:00;136
Chernobyl-3;51.389000;30.103000;UA;5;17;RBMK;1976-03-01;1982-06-08;2000-12-15;925;WNA/IAEA;2015-05-24T04:51:40+03:00;137
Chernobyl-4;51.389000;30.103000;UA;5;17;RBMK;1979-04-01;1984-03-26;1986-04-26;925;WNA/IAEA;2015-05-24T04:51:40+03:00;138
Chin Shan-1;25.292000;121.567000;TW;5;5;BWR-4 (Mark 1);1972-06-02;1978-12-10;2018-12-06;604;WNA/IAEA;2019-06-02T20:18:27+03:00;139
Chin Shan-2;25.292000;121.567000;TW;3;5;BWR-4 (Mark 1);1973-12-07;1979-07-15;;604;WNA/IAEA;2019-06-02T20:18:31+03:00;140
Chinon-A1;47.232000;0.167000;FR;5;8;UNGG;1957-02-01;1964-02-01;1973-04-16;68;WNA/IAEA;2015-05-24T04:50:52+03:00;141
Chinon-A2;47.232000;0.167000;FR;5;8;UNGG;1959-08-01;1965-02-24;1985-06-14;170;WNA/IAEA;2015-05-24T04:50:53+03:00;142
Chinon-A3;47.232000;0.167000;FR;5;8;UNGG;1961-03-01;1966-08-04;1990-06-15;480;WNA/IAEA;2015-05-24T04:50:58+03:00;143
Chinon-B1;47.232000;0.167000;FR;3;21;CP2;1977-03-01;1984-02-01;;870;WNA/IAEA;2015-05-24T04:50:58+03:00;144
Chinon-B2;47.232000;0.167000;FR;3;21;CP2;1977-03-01;1984-08-01;;870;WNA/IAEA;2015-05-24T04:50:59+03:00;145
Chinon-B3;47.232000;0.167000;FR;3;21;CP2;1980-10-01;1987-03-04;;905;WNA/IAEA;2015-05-24T04:51:03+03:00;146
Chinon-B4;47.232000;0.167000;FR;3;21;CP2;1981-02-01;1988-04-01;;905;WNA/IAEA;2015-05-24T04:51:03+03:00;147
Chooz-A;50.086000;4.792000;FR;5;21;CHOOZ-A;1962-01-01;1967-04-15;1991-10-30;280;WNA/IAEA;2015-05-24T04:51:01+03:00;148
Chooz-B1;50.086000;4.792000;FR;3;21;N4 REP 1450;1984-01-01;2000-05-15;;1455;WNA/IAEA;2015-05-24T04:51:04+03:00;149
Chooz-B2;50.086000;4.792000;FR;3;21;N4 REP 1450;1985-12-31;2000-09-29;;1455;WNA/IAEA;2015-05-24T04:51:06+03:00;150
Civaux-1;46.457000;0.654000;FR;3;21;N4 REP 1450;1988-10-15;2002-01-29;;1450;WNA/IAEA;2015-05-24T04:51:07+03:00;151
Civaux-2;46.457000;0.654000;FR;3;21;N4 REP 1450;1991-04-01;2002-04-23;;1450;WNA/IAEA;2015-05-24T04:51:07+03:00;152
Clinton-1;40.172000;-88.834000;US;3;5;BWR-6 (Mark 3);1975-10-01;1987-11-24;;950;WNA/IAEA;2015-05-24T04:51:49+03:00;153
Cofrentes;39.216000;-1.051000;ES;3;5;BWR-6 (Mark 3);1975-09-09;1985-03-11;;939;WNA/IAEA;2017-02-10T23:56:09+02:00;154
Columbia (WNP-2);46.471000;-119.333000;US;3;5;BWR-5 (Mark 2);1972-08-01;1984-12-13;;1100;WNA/IAEA;2015-05-24T04:51:48+03:00;155
Comanche Peak-1;32.301000;-97.787000;US;3;21;WH 4LP (DRYAMB);1974-12-19;1990-08-13;;1150;WNA/IAEA;2017-02-10T23:59:17+02:00;156
Comanche Peak-2;32.301000;-97.787000;US;3;21;WH 4LP (DRYAMB);1974-12-19;1993-08-03;;1150;WNA/IAEA;2017-02-10T23:59:17+02:00;157
Cooper;40.361000;-95.643000;US;3;5;BWR-4 (Mark 1);1968-06-01;1974-07-01;;778;WNA/IAEA;2015-05-24T04:51:43+03:00;158
Cruas-1;44.634000;4.757000;FR;3;21;CP2;1978-08-01;1984-04-02;;880;WNA/IAEA;2015-05-24T04:50:59+03:00;159
Cruas-2;44.634000;4.757000;FR;3;21;CP2;1978-11-15;1985-04-01;;915;WNA/IAEA;2015-05-24T04:50:59+03:00;160
Cruas-3;44.634000;4.757000;FR;3;21;CP2;1979-04-15;1984-09-10;;880;WNA/IAEA;2015-05-24T04:50:59+03:00;161
Cruas-4;44.634000;4.757000;FR;3;21;CP2;1979-10-01;1985-02-11;;880;WNA/IAEA;2015-05-24T04:51:00+03:00;162
Crystal River-3;28.966000;-82.697000;US;5;21;B&W LLP (DRYAMB);1968-09-25;1977-03-13;2013-02-05;825;WNA/IAEA;2017-02-10T23:58:22+02:00;163
Dampierre-1;47.732000;2.513000;FR;3;21;CP1;1975-02-01;1980-09-10;;890;WNA/IAEA;2015-05-24T04:50:53+03:00;164
Dampierre-2;47.732000;2.513000;FR;3;21;CP1;1975-04-01;1981-02-16;;890;WNA/IAEA;2015-05-24T04:50:53+03:00;165
Dampierre-3;47.732000;2.513000;FR;3;21;CP1;1975-09-01;1981-05-27;;890;WNA/IAEA;2015-05-24T04:50:53+03:00;166
Dampierre-4;47.732000;2.513000;FR;3;21;CP1;1975-12-01;1981-11-20;;890;WNA/IAEA;2015-05-24T04:50:53+03:00;167
Darkhovin;30.707778;48.380000;IR;2;21;;;;;;wikipedia;;168
Darlington-1;43.867000;-78.724000;CA;3;20;CANDU 850;1982-04-01;1992-11-14;;881;WNA/IAEA;2015-05-24T04:50:25+03:00;169
Darlington-2;43.867000;-78.724000;CA;3;20;CANDU 850;1981-09-01;1990-10-09;;881;WNA/IAEA;2015-05-24T04:50:26+03:00;170
Darlington-3;43.867000;-78.724000;CA;3;20;CANDU 850;1984-09-01;1993-02-14;;881;WNA/IAEA;2015-05-24T04:50:26+03:00;171
Darlington-4;43.867000;-78.724000;CA;3;20;CANDU 850;1985-07-01;1993-06-14;;881;WNA/IAEA;2015-05-24T04:50:26+03:00;172
Darlington-5;43.864400;-78.724400;CA;1;20;;;;;;WNA;;173
Darlington-6;43.863300;-78.724400;CA;1;20;;;;;;WNA;;174
Davis Besse-1;41.597000;-83.092000;US;3;21;B&W RLP (DRYAMB);1970-09-01;1978-07-31;;906;WNA/IAEA;2017-02-10T23:58:51+02:00;175
Daya Bay-1 (Guangdong-1);22.599000;114.544000;CN;3;21;M310;1987-08-07;1994-02-01;;930;WNA/IAEA;2015-05-24T04:50:39+03:00;176
Daya Bay-2 (Guangdong-2);22.599000;114.544000;CN;3;21;M310;1988-04-07;1994-05-06;;930;WNA/IAEA;2015-05-24T04:50:39+03:00;177
Diablo Canyon-1;35.212000;-120.854000;US;3;21;WH 4LP (DRYAMB);1968-04-23;1985-05-07;;1084;WNA/IAEA;2017-02-10T23:58:09+02:00;178
Diablo Canyon-2;35.212000;-120.854000;US;3;21;WH 4LP (DRYAMB);1970-12-09;1986-03-13;;1106;WNA/IAEA;2017-02-10T23:58:39+02:00;179
Doel-1;51.323000;4.259000;BE;3;21;WH 2LP;1969-07-01;1975-02-15;;392;WNA/IAEA;2017-02-10T23:55:14+02:00;180
Doel-2;51.323000;4.259000;BE;3;21;WH 2LP;1971-09-01;1975-12-01;;392;WNA/IAEA;2017-02-10T23:55:28+02:00;181
Doel-3;51.323000;4.259000;BE;3;21;WH 3LP;1975-01-01;1982-10-01;;890;WNA/IAEA;2017-02-10T23:55:35+02:00;182
Doel-4;51.323000;4.259000;BE;3;21;WH 3LP;1978-12-01;1985-07-01;;1000;WNA/IAEA;2017-02-10T23:55:43+02:00;183
Donald Cook-1;41.975000;-86.564000;US;3;21;WH 4LP (ICECDN);1969-03-25;1975-08-28;;1030;WNA/IAEA;2017-02-10T23:58:31+02:00;184
Donald Cook-2;41.975000;-86.564000;US;3;21;WH 4LP (ICECDN);1969-03-25;1978-07-01;;1100;WNA/IAEA;2017-02-10T23:58:33+02:00;185
Douglas Point;44.326000;-81.601000;CA;5;20;CANDU 200;1960-02-01;1968-09-26;1984-05-04;203;WNA/IAEA;2015-05-24T04:50:24+03:00;186
Dounreay DFR;58.577000;-3.745000;GB;5;7;;1955-03-01;1962-10-01;1977-03-01;14;WNA/IAEA;2015-05-24T04:51:14+03:00;187
Dounreay PFR;58.577000;-3.745000;GB;5;7;;1966-01-01;1976-07-01;1994-03-31;234;WNA/IAEA;2015-05-24T04:51:14+03:00;188
Dresden-1;41.353000;-88.349000;US;5;5;;1956-05-01;1960-07-04;1978-10-31;192;WNA/IAEA;2015-05-24T04:51:40+03:00;189
Dresden-2;41.353000;-88.349000;US;3;5;BWR-3 (Mark 1);1966-01-10;1970-06-09;;794;WNA/IAEA;2015-05-24T04:51:41+03:00;190
Dresden-3;41.353000;-88.349000;US;3;5;BWR-3 (Mark 1);1966-10-14;1971-11-16;;794;WNA/IAEA;2015-05-24T04:51:41+03:00;191
Duane Arnold-1;42.101000;-91.776000;US;3;5;BWR-4 (Mark 1);1970-06-22;1975-02-01;;538;WNA/IAEA;2015-05-24T04:51:47+03:00;192
Dukovany-1;49.089000;16.149000;CZ;3;21;VVER V-213;1979-01-01;1985-05-03;;420;WNA/IAEA;2015-05-24T04:50:41+03:00;193
Dukovany-2;49.089000;16.149000;CZ;3;21;VVER V-213;1979-01-01;1986-03-21;;420;WNA/IAEA;2015-05-24T04:50:42+03:00;194
Dukovany-3;49.089000;16.149000;CZ;3;21;VVER V-213;1979-03-01;1986-12-20;;420;WNA/IAEA;2015-05-24T04:50:42+03:00;195
Dukovany-4;49.089000;16.149000;CZ;3;21;VVER V-213;1979-03-01;1987-07-19;;420;WNA/IAEA;2015-05-24T04:50:42+03:00;196
Dungeness-A1;50.914000;0.962000;GB;5;8;MAGNOX;1960-07-01;1965-10-28;2006-12-31;275;WNA/IAEA;2015-05-24T04:51:20+03:00;197
Dungeness-A2;50.914000;0.962000;GB;5;8;MAGNOX;1960-07-01;1965-12-30;2006-12-31;275;WNA/IAEA;2015-05-24T04:51:20+03:00;198
Dungeness-B1;50.914000;0.962000;GB;3;8;AGR;1965-10-01;1985-04-01;;607;WNA/IAEA;2015-05-24T04:51:16+03:00;199
Dungeness-B2;50.914000;0.962000;GB;3;8;AGR;1965-10-01;1989-04-01;;607;WNA/IAEA;2015-05-24T04:51:16+03:00;200
El Dabaa-1;31.033333;28.433333;EG;1;;;;;;;WNA;;201
EL-4 (Monts D'Arree);48.350000;-3.866667;FR;5;11;Monts-D'Arree;1962-07-01;1968-06-01;1985-07-31;70;IAEA;2015-05-24T05:20:27+03:00;202
Elk River;45.297000;-93.557000;US;5;5;;1959-01-01;1964-07-01;1968-02-01;22;WNA/IAEA;2015-05-24T04:51:40+03:00;203
Embalse;-32.232000;-64.442000;AR;3;20;CANDU 6;1974-04-01;1984-01-20;;600;WNA/IAEA;2015-05-24T04:50:06+03:00;204
Emsland;52.471000;7.322000;DE;3;21;Konvoi;1982-08-10;1988-06-20;;1242;WNA/IAEA;2015-05-24T04:50:46+03:00;205
Enrico Fermi;45.183333;8.283333;IT;5;21;WH 4LP;1961-07-01;1965-01-01;1990-07-01;247;IAEA;2017-02-10T23:56:19+02:00;206
Enrico Fermi-1;41.960000;-83.257000;US;5;7;Liquid Metal FBR;1956-08-08;1966-08-07;1972-11-29;60;WNA/IAEA;2017-02-10T23:57:45+02:00;207
Enrico Fermi-2;41.960000;-83.257000;US;3;5;BWR-4 (Mark 1);1972-09-26;1988-01-23;;1093;WNA/IAEA;2015-05-24T04:51:47+03:00;208
Fangchenggang-1 ;21.600000;108.300000;CN;3;21;CPR-1000;2010-07-30;2016-01-01;;1000;WNA/IAEA;2016-03-09T18:44:12+02:00;209
Fangchenggang-2;21.600000;108.300000;CN;3;21;CPR-1000;2010-12-23;2016-10-01;;1000;WNA/IAEA;2017-02-10T23:59:36+02:00;210
Fangjiashan-1;30.416000;120.951000;CN;3;21;CPR-1000;2008-12-26;2014-12-15;;1000;WNA/IAEA;2015-05-24T04:51:56+03:00;211
Fangjiashan-2;30.416000;120.951000;CN;3;21;CPR-1000;2009-07-17;2015-02-12;;1000;WNA/IAEA;2015-05-24T04:51:56+03:00;212
Farley-1;31.223000;-85.115000;US;3;21;WH 3LP (DRYAMB);1970-10-01;1977-12-01;;829;WNA/IAEA;2017-02-10T23:58:52+02:00;213
Farley-2;31.223000;-85.115000;US;3;21;WH 3LP (DRYAMB);1970-10-01;1981-07-30;;829;WNA/IAEA;2017-02-10T23:58:53+02:00;214
Fessenheim-1;47.903000;7.564000;FR;3;21;CP0;1971-09-01;1978-01-01;;880;WNA/IAEA;2015-05-24T04:50:51+03:00;215
Fessenheim-2;47.903000;7.564000;FR;3;21;CP0;1972-02-01;1978-04-01;;880;WNA/IAEA;2015-05-24T04:50:51+03:00;216
FitzPatrick;43.521000;-76.403000;US;3;5;BWR-4 (Mark 1);1968-09-01;1975-07-28;;821;WNA/IAEA;2015-05-24T04:51:47+03:00;217
Flamanville-1;49.537000;-1.881000;FR;3;21;P4 REP 1300;1979-12-01;1986-12-01;;1330;WNA/IAEA;2015-05-24T04:51:00+03:00;218
Flamanville-2;49.537000;-1.881000;FR;3;21;P4 REP 1300;1980-05-01;1987-03-09;;1330;WNA/IAEA;2015-05-24T04:51:00+03:00;219
Flamanville-3;49.537000;-1.881000;FR;2;21;EPR;2007-12-03;;;1630;WNA/IAEA;2015-05-24T04:51:51+03:00;220
Forsmark-1;60.405000;18.168000;SE;3;5;AA-III, BWR-2500;1973-06-01;1980-12-10;;900;WNA/IAEA;2018-03-10T14:52:03+02:00;221
Forsmark-2;60.405000;18.168000;SE;3;5;AA-III, BWR-2500;1975-01-01;1981-07-07;;900;WNA/IAEA;2018-03-10T14:51:47+02:00;222
Forsmark-3;60.405000;18.168000;SE;3;5;AA-IV, BWR-3000;1979-01-01;1985-08-18;;1050;WNA/IAEA;2018-03-10T14:51:53+02:00;223
Fort Calhoun-1;41.520000;-96.076000;US;5;21;CE 2LP;1968-06-07;1973-09-26;2016-10-24;478;WNA/IAEA;2017-02-10T23:58:13+02:00;224
Fort St. Vrain;40.244000;-104.874000;US;5;9;;1968-09-01;1979-07-01;1989-08-29;330;WNA/IAEA;2015-05-24T04:51:42+03:00;225
Fugen ATR;35.751000;136.020000;JP;5;12;ATR;1972-05-10;1979-03-20;2003-03-29;148;WNA/IAEA;2015-05-24T04:51:28+03:00;226
Fukushima-Daiichi-1;37.423000;141.032000;JP;5;5;BWR-3;1967-07-25;1971-03-26;2011-05-19;439;WNA/IAEA;2015-05-24T04:51:30+03:00;227
Fukushima-Daiichi-2;37.423000;141.032000;JP;5;5;BWR-4;1969-06-09;1974-07-18;2011-05-19;760;WNA/IAEA;2015-05-24T04:51:30+03:00;228
Fukushima-Daiichi-3;37.423000;141.032000;JP;5;5;BWR-4;1970-12-28;1976-03-27;2011-05-19;760;WNA/IAEA;2015-05-24T04:51:27+03:00;229
Fukushima-Daiichi-4;37.423000;141.032000;JP;5;5;BWR-4;1973-02-12;1978-10-12;2011-05-19;760;WNA/IAEA;2015-05-24T04:51:27+03:00;230
Fukushima-Daiichi-5;37.423000;141.032000;JP;5;5;BWR-4;1972-05-22;1978-04-18;2013-12-17;760;WNA/IAEA;2015-05-24T04:51:27+03:00;231
Fukushima-Daiichi-6;37.423000;141.032000;JP;5;5;BWR-5;1973-10-26;1979-10-24;2013-12-17;1067;WNA/IAEA;2015-05-24T04:51:27+03:00;232
Fukushima-Daini-1;37.315000;141.024000;JP;3;5;BWR-5;1976-03-16;1982-04-20;;1067;WNA/IAEA;2015-05-24T04:51:28+03:00;233
Fukushima-Daini-2;37.315000;141.024000;JP;3;5;BWR-5;1979-05-25;1984-02-03;;1067;WNA/IAEA;2015-05-24T04:51:28+03:00;234
Fukushima-Daini-3;37.315000;141.024000;JP;3;5;BWR-5;1981-03-23;1985-06-21;;1067;WNA/IAEA;2015-05-24T04:51:29+03:00;235
Fukushima-Daini-4;37.315000;141.024000;JP;3;5;BWR-5;1981-05-28;1987-08-25;;1067;WNA/IAEA;2015-05-24T04:51:29+03:00;236
Fuqing-1;25.443000;119.453000;CN;3;21;CNP-1000;2008-11-21;2014-11-22;;1000;WNA/IAEA;2016-03-09T18:43:50+02:00;237
Fuqing-2;25.443000;119.453000;CN;3;21;CNP-1000;2009-06-17;2015-10-16;;1000;WNA/IAEA;2016-03-09T18:43:55+02:00;238
Fuqing-3;25.720278;119.383889;CN;3;21;CNP-1000;2010-12-31;2016-10-24;;1000;WNA/IAEA;2017-02-10T23:59:36+02:00;239
Fuqing-4;25.720278;119.383889;CN;3;21;CNP-1000;2012-11-17;2017-09-17;;1000;WNA/IAEA;2018-03-10T14:52:08+02:00;240
Fuqing-5;25.720278;119.383889;CN;2;21;HPR1000;2015-05-07;;;1000;WNA/IAEA;2016-03-09T18:44:04+02:00;241
Fuqing-6;25.720278;119.383889;CN;2;21;HPR1000;2015-12-22;;;1000;WNA/wikipedia/IAEA;2016-03-09T18:44:14+02:00;242
G-2 (Marcoule);44.142000;4.713000;FR;5;8;;1955-03-01;1959-04-22;1980-02-02;36;WNA/IAEA;2015-05-24T04:50:51+03:00;243
G-3 (Marcoule);44.142000;4.713000;FR;5;8;;1956-03-01;1960-04-04;1984-06-20;36;WNA/IAEA;2015-05-24T04:50:50+03:00;244
Garigliano;41.258000;13.835000;IT;5;5;BWR-1;1959-11-01;1964-06-01;1982-03-01;150;WNA/IAEA;2015-05-24T04:51:26+03:00;245
Ge Vallecitos;37.613056;-121.840000;US;5;5;25;1956-01-01;1957-10-19;1963-12-09;24;IAEA;2015-05-24T04:51:55+03:00;246
Genkai-1;33.518000;129.837000;JP;5;21;M (2-loop);1971-09-15;1975-10-15;2015-04-27;529;WNA/IAEA;2015-05-24T04:51:27+03:00;247
Genkai-2;33.518000;129.837000;JP;3;21;M (2-loop);1977-02-01;1981-03-30;;529;WNA/IAEA;2015-05-24T04:51:28+03:00;248
Genkai-3;33.518000;129.837000;JP;3;21;M (4-loop);1988-06-01;1994-03-18;;1127;WNA/IAEA;2015-05-24T04:51:29+03:00;249
Genkai-4;33.518000;129.837000;JP;3;21;M (4-loop);1992-07-15;1997-07-25;;1127;WNA/IAEA;2015-05-24T04:51:29+03:00;250
Gentilly-1 (Demo);46.395000;-72.357000;CA;5;12;HW BLWR 250;1966-09-01;1972-05-01;1977-06-01;250;WNA/IAEA;2015-05-24T04:50:26+03:00;251
Gentilly-2;46.395000;-72.357000;CA;5;20;CANDU 6;1974-04-01;1983-10-01;2012-12-28;645;WNA/IAEA;2015-05-24T04:50:21+03:00;252
GKN Dodewaard;51.899000;5.687000;NL;5;5;GE design;1965-05-01;1969-03-26;1997-03-26;54;WNA/IAEA;2015-05-24T04:51:31+03:00;253
Goesgen;47.366000;7.969000;CH;3;21;PWR 3 Loop;1973-12-01;1979-11-01;;920;WNA/IAEA;2015-05-24T04:50:38+03:00;254
Golfech-1;44.105000;0.845000;FR;3;21;P4 REP 1300;1982-11-17;1991-02-01;;1310;WNA/IAEA;2015-05-24T04:51:04+03:00;255
Golfech-2;44.105000;0.845000;FR;3;21;P4 REP 1300;1984-10-01;1994-03-04;;1310;WNA/IAEA;2015-05-24T04:51:06+03:00;256
Grafenrheinfeld;49.984000;10.186000;DE;5;21;PWR;1975-01-01;1982-06-17;2015-06-27;1225;WNA/IAEA;2015-08-23T03:28:22+03:00;257
Grand Gulf-1;32.007000;-91.045000;US;3;5;BWR-6 (Mark 3);1974-05-04;1985-07-01;;1250;WNA/IAEA;2015-05-24T04:51:49+03:00;258
Gravelines-1;51.014000;2.138000;FR;3;21;CP1;1975-02-01;1980-11-25;;910;WNA/IAEA;2015-05-24T04:50:52+03:00;259
Gravelines-2;51.014000;2.138000;FR;3;21;CP1;1975-03-01;1980-12-01;;910;WNA/IAEA;2015-05-24T04:50:52+03:00;260
Gravelines-3;51.014000;2.138000;FR;3;21;CP1;1975-12-01;1981-06-01;;910;WNA/IAEA;2015-05-24T04:50:53+03:00;261
Gravelines-4;51.014000;2.138000;FR;3;21;CP1;1976-04-01;1981-10-01;;910;WNA/IAEA;2015-05-24T04:50:53+03:00;262
Gravelines-5;51.014000;2.138000;FR;3;21;CP1;1979-10-01;1985-01-15;;910;WNA/IAEA;2015-05-24T04:51:01+03:00;263
Gravelines-6;51.014000;2.138000;FR;3;21;CP1;1979-10-01;1985-10-25;;910;WNA/IAEA;2015-05-24T04:51:02+03:00;264
Greifswald-1;54.143000;13.668000;DE;5;21;VVER V-230;1970-03-01;1974-07-12;1990-02-14;440;WNA/IAEA;2015-05-24T04:50:47+03:00;265
Greifswald-2;54.143000;13.668000;DE;5;21;VVER V-230;1970-03-01;1975-04-16;1990-02-14;408;WNA/IAEA;2015-05-24T04:50:47+03:00;266
Greifswald-3;54.143000;13.668000;DE;5;21;VVER V-230;1972-04-01;1978-05-01;1990-02-28;408;WNA/IAEA;2015-05-24T04:50:47+03:00;267
Greifswald-4;54.143000;13.668000;DE;5;21;VVER V-230;1972-04-01;1979-11-01;1990-07-22;408;WNA/IAEA;2015-05-24T04:50:47+03:00;268
Greifswald-5;54.143000;13.668000;DE;5;21;VVER V-213;1976-12-01;1989-11-01;1989-11-24;408;WNA/IAEA;2015-05-24T04:50:47+03:00;269
Grohnde;52.033000;9.412000;DE;3;21;PWR;1976-06-01;1985-02-01;;1289;WNA/IAEA;2015-05-24T04:50:46+03:00;270
Grosswelzheim;50.055000;8.985000;DE;5;5;Superheated steam reactor;1965-01-01;1970-08-02;1971-04-20;23;WNA/IAEA;2015-05-24T04:54:05+03:00;271
Gundremmingen-A;48.513000;10.401000;DE;5;5;;1962-12-12;1967-04-12;1977-01-13;237;WNA/IAEA;2015-05-24T04:50:46+03:00;272
Gundremmingen-B;48.513000;10.401000;DE;5;5;BWR-72;1976-07-20;1984-07-19;2017-12-31;1244;WNA/IAEA;2018-03-10T14:51:13+02:00;273
Gundremmingen-C;48.513000;10.401000;DE;3;5;BWR-72;1976-07-20;1985-01-18;;1249;WNA/IAEA;2015-05-24T04:50:46+03:00;274
H. B. Robinson-2;34.402000;-80.158000;US;3;21;WH 3LP (DRYAMB);1967-04-13;1971-03-07;;700;WNA/IAEA;2017-02-10T23:58:01+02:00;275
Haddam Neck;41.483000;-72.500000;US;5;21;;1964-05-01;1968-01-01;1996-12-05;582;WNA/IAEA;2015-05-24T04:51:41+03:00;276
Haiyang-1;36.704000;121.382000;CN;3;21;AP-1000;2009-09-24;2018-10-22;;1126;WNA/IAEA;2019-06-02T20:18:34+03:00;277
Haiyang-2;36.704000;121.382000;CN;3;21;AP-1000;2010-06-20;2019-01-09;;1126;WNA/IAEA;2019-06-02T20:18:37+03:00;278
Haiyang-3;36.704000;121.382000;CN;1;21;AP-1000;;;;;WNA/IAEA;;279
Haiyang-4;36.704000;121.382000;CN;1;21;AP-1000;;;;;WNA/IAEA;;280
Hallam;40.559000;-96.785000;US;5;19;LMGMR (SGR-Sodium cooled graphite moderated reactor);1959-01-01;1963-11-01;1964-09-01;75;WNA/IAEA;2015-08-23T03:28:28+03:00;281
Hamaoka-1;34.621000;138.141000;JP;5;5;BWR-4;1971-06-10;1976-03-17;2009-01-30;516;WNA/IAEA;2015-05-24T04:51:27+03:00;282
Hamaoka-2;34.621000;138.141000;JP;5;5;BWR-4;1974-06-14;1978-11-29;2009-01-30;814;WNA/IAEA;2015-05-24T04:51:28+03:00;283
Hamaoka-3;34.621000;138.141000;JP;3;5;BWR-5;1983-04-18;1987-08-28;;1056;WNA/IAEA;2015-05-24T04:51:29+03:00;284
Hamaoka-4;34.621000;138.141000;JP;3;5;BWR-5;1989-10-13;1993-09-03;;1092;WNA/IAEA;2015-05-24T04:51:29+03:00;285
Hamaoka-5;34.621000;138.141000;JP;3;5;ABWR;2000-07-12;2005-01-18;;1325;WNA/IAEA;2015-05-24T04:51:50+03:00;286
Hamaoka-6;34.621000;138.141000;JP;1;1;;;;;;WNA;;287
Hanbit-1;35.405000;126.410000;KR;3;21;WH F;1981-06-04;1986-08-25;;903;IAEA;2015-05-24T05:20:28+03:00;288
Hanbit-2;35.405000;126.410000;KR;3;21;WH F;1981-12-01;1987-06-10;;903;IAEA;2017-02-10T23:56:56+02:00;289
Hanbit-3;35.405000;126.410000;KR;3;21;OPR-1000;1989-12-23;1995-03-31;;950;IAEA;2015-05-24T05:20:27+03:00;290
Hanbit-4;35.405000;126.410000;KR;3;21;OPR-1000;1990-05-26;1996-01-01;;950;IAEA;2015-05-24T05:20:27+03:00;291
Hanbit-5;35.405000;126.410000;KR;3;21;OPR-1000;1997-06-29;2002-05-21;;950;IAEA;2015-05-24T05:20:28+03:00;292
Hanbit-6;35.405000;126.410000;KR;3;21;OPR-1000;1997-11-20;2002-12-24;;950;IAEA;2015-05-24T05:20:28+03:00;293
Hanul-1;37.090000;129.384444;KR;3;21;France CPI;1983-01-26;1988-09-10;;903;IAEA;2015-05-24T05:20:28+03:00;294
Hanul-2;37.090000;129.384444;KR;3;21;France CPI;1983-07-05;1989-09-30;;903;IAEA;2015-05-24T05:20:27+03:00;295
Hanul-3;37.090000;129.384444;KR;3;21;OPR-1000;1993-07-21;1998-08-11;;950;IAEA;2015-05-24T05:20:28+03:00;296
Hanul-4;37.090000;129.384444;KR;3;21;OPR-1000;1993-11-01;1999-12-31;;950;IAEA;2015-05-24T05:20:28+03:00;297
Hanul-5;37.090000;129.384444;KR;3;21;OPR-1000;1999-10-01;2004-07-29;;950;IAEA;2015-05-24T05:20:28+03:00;298
Hanul-6;37.090000;129.384444;KR;3;21;OPR-1000;2000-09-29;2005-04-22;;950;IAEA;2015-05-24T05:20:28+03:00;299
Hartlepool-A1;54.634000;-1.180000;GB;3;8;AGR;1968-10-01;1989-04-01;;625;WNA/IAEA;2015-05-24T04:51:17+03:00;300
Hartlepool-A2;54.634000;-1.180000;GB;3;8;AGR;1968-10-01;1989-04-01;;600;WNA/IAEA;2015-05-24T04:51:17+03:00;301
Hatch-1;31.935000;-82.346000;US;3;5;BWR-4 (Mark 1);1968-09-30;1975-12-31;;777;WNA/IAEA;2015-05-24T04:51:44+03:00;302
Hatch-2;31.935000;-82.346000;US;3;5;BWR-4 (Mark 1);1972-02-01;1979-09-05;;784;WNA/IAEA;2015-05-24T04:51:47+03:00;303
Heysham-A1;54.029000;-2.912000;GB;3;8;AGR;1970-12-01;1989-04-01;;611;WNA/IAEA;2015-05-24T04:51:18+03:00;304
Heysham-A2;54.029000;-2.912000;GB;3;8;AGR;1970-12-01;1989-04-01;;611;WNA/IAEA;2015-05-24T04:51:18+03:00;305
Heysham-B1;54.029000;-2.912000;GB;3;8;AGR;1980-08-01;1989-04-01;;615;WNA/IAEA;2015-05-24T04:51:18+03:00;306
Heysham-B2;54.029000;-2.912000;GB;3;8;AGR;1980-08-01;1989-04-01;;615;WNA/IAEA;2015-05-24T04:51:18+03:00;307
Higashi-Dori-1 (Tohoku);41.188000;141.393000;JP;3;5;BWR-5;2000-11-07;2005-12-08;;1067;WNA/IAEA;2015-05-24T04:51:50+03:00;308
Higashi-Dori-1 (Tokyo);41.185600;141.388000;JP;1;1;;;;;;WNA;;309
Higashi-Dori-2 (Tohoku);41.185600;141.390000;JP;1;1;;;;;;WNA;;310
Higashi-Dori-2 (Tokyo);41.185600;141.389000;JP;1;1;;;;;;WNA;;311
Hinkley Point-A1;51.209000;-3.131000;GB;5;8;MAGNOX;1957-11-01;1965-03-30;2000-05-23;250;WNA/IAEA;2015-05-24T04:51:19+03:00;312
Hinkley Point-A2;51.209000;-3.131000;GB;5;8;MAGNOX;1957-11-01;1965-05-05;2000-05-23;250;WNA/IAEA;2015-05-24T04:51:19+03:00;313
Hinkley Point-B1;51.209000;-3.131000;GB;3;8;AGR;1967-09-01;1978-10-02;;625;WNA/IAEA;2015-05-24T04:51:14+03:00;314
Hinkley Point-B2;51.209000;-3.131000;GB;3;8;AGR;1967-09-01;1976-09-27;;625;WNA/IAEA;2015-05-24T04:51:15+03:00;315
Hinkley Point-C1;51.208700;-3.130500;GB;2;21;EPR-1750;2018-12-11;;;1630;WNA/IAEA;2019-06-02T20:18:41+03:00;316
Hinkley Point-C2;51.208700;-3.130500;GB;1;21;;;;;;WNA;;317
Hongshiding-1 (Rushan-1);;;CN;1;21;;;;;;WNA;;318
Hongshiding-2 (Rushan-2);;;CN;1;21;;;;;;WNA;;319
Hongyanhe-1;39.797000;121.476500;CN;3;21;CPR-1000;2007-08-18;2013-06-06;;1061;WNA/IAEA/GEO;2015-08-23T03:28:28+03:00;320
Hongyanhe-2;39.797000;121.476500;CN;3;21;CPR-1000;2008-03-28;2014-05-13;;1061;WNA/IAEA/GEO;2015-08-23T03:28:28+03:00;321
Hongyanhe-3;39.797000;121.476500;CN;3;21;CPR-1000;2009-03-07;2015-08-16;;1061;WNA/IAEA/GEO;2017-09-25T03:20:36+03:00;322
Hongyanhe-4;39.797000;121.476500;CN;3;21;CPR-1000;2009-08-15;2016-06-08;;1061;WNA/IAEA/GEO;2019-06-02T20:18:47+03:00;323
Hongyanhe-5;39.797000;121.483100;CN;2;21;ACPR-1000;2015-03-29;;;1061;WNA/IAEA/GEO;2017-09-25T03:20:44+03:00;324
Hongyanhe-6;39.797000;121.483100;CN;2;21;ACPR-1000;2015-07-24;;;1061;WNA/IAEA/GEO;2017-09-25T03:20:51+03:00;325
Hope Creek-1;39.467000;-75.535000;US;3;5;BWR-4 (Mark 1);1976-03-01;1986-12-20;;1067;WNA/IAEA;2015-05-24T04:51:47+03:00;326
Humboldt Bay;40.741000;-124.210000;US;5;5;Natural cir.;1960-11-01;1963-08-01;1976-07-02;65;WNA/IAEA;2015-05-24T04:51:41+03:00;327
Hunterston-A1;55.722000;-4.893000;GB;5;8;MAGNOX;1957-10-01;1964-02-05;1990-03-30;150;WNA/IAEA;2015-05-24T04:51:19+03:00;328
Hunterston-A2;55.722000;-4.893000;GB;5;8;MAGNOX;1957-10-01;1964-07-01;1989-12-31;150;WNA/IAEA;2015-05-24T04:51:19+03:00;329
Hunterston-B1;55.722000;-4.893000;GB;3;8;AGR;1967-11-01;1976-02-06;;624;WNA/IAEA;2015-05-24T04:51:15+03:00;330
Hunterston-B2;55.722000;-4.893000;GB;3;8;AGR;1967-11-01;1977-03-31;;624;WNA/IAEA;2015-05-24T04:51:16+03:00;331
Ignalina-1;55.604000;26.562000;LT;5;17;RBMK-1500;1977-05-01;1985-05-01;2004-12-31;1500;WNA/IAEA;2015-05-24T04:51:31+03:00;332
Ignalina-2;55.604000;26.562000;LT;5;17;RBMK-1500;1978-01-01;1987-12-01;2009-12-31;1500;WNA/IAEA;2015-05-24T04:51:31+03:00;333
Ignalina-3;55.604000;26.562000;LT;1;17;RBMK-1500;;;;;WNA;;334
Ikata-1;33.491000;132.309000;JP;5;21;M (2-loop);1973-09-01;1977-09-30;2016-05-10;538;WNA/IAEA;2017-02-10T23:56:25+02:00;335
Ikata-2;33.491000;132.309000;JP;5;21;M (2-loop);1978-08-01;1982-03-19;2018-05-23;538;WNA/IAEA;2019-06-02T20:18:50+03:00;336
Ikata-3;33.491000;132.309000;JP;3;21;M (3-loop);1990-10-01;1994-12-15;;846;WNA/IAEA;2015-05-24T04:51:29+03:00;337
Indian Point-1;41.270000;-73.950000;US;5;21;PWR;1956-05-01;1962-10-01;1974-10-31;265;WNA/IAEA;2015-05-24T04:51:43+03:00;338
Indian Point-2;41.270000;-73.950000;US;3;21;WH 4LP (DRYAMB);1966-10-14;1974-08-01;;873;WNA/IAEA;2017-02-10T23:57:54+02:00;339
Indian Point-3;41.270000;-73.950000;US;3;21;WH 4LP (DRYAMB);1968-11-01;1976-08-30;;965;WNA/IAEA;2017-02-10T23:58:17+02:00;340
Isar-1;48.607000;12.296000;DE;5;5;BWR-69;1972-05-01;1979-03-21;2011-08-06;870;WNA/IAEA;2015-05-24T04:50:42+03:00;341
Isar-2;48.607000;12.296000;DE;3;21;Konvoi;1982-09-15;1988-04-09;;1285;WNA/IAEA;2015-05-24T04:50:46+03:00;342
Jaitapur-1;16.595278;73.341111;IN;1;21;;;;;;WNA/wikipedia;;343
Jaitapur-2;16.595278;73.341111;IN;1;21;;;;;;WNA/wikipedia;;344
Java-1 (Muria);;;ID;1;;;;;;;WNA;;345
Jose Cabrera-1 (Zorita);40.362000;-2.818000;ES;5;21;WH 1LP;1964-06-24;1969-08-13;2006-04-30;153;WNA/IAEA;2017-02-10T23:56:06+02:00;346
JPDR;36.462500;140.610000;JP;5;5;BWR-1;1960-12-01;1965-03-15;1976-03-18;10;IAEA;2015-05-24T04:51:26+03:00;347
Juelich;50.903000;6.421000;DE;5;9;Pebble bed reactor prototype;1961-08-01;1969-05-19;1988-12-31;13;WNA/IAEA;2015-05-24T04:54:05+03:00;348
Kahl;50.059000;8.987000;DE;5;5;BWR;1958-07-01;1962-02-01;1985-11-25;15;WNA/IAEA;2015-05-24T04:50:42+03:00;349
Kaiga-1;14.865000;74.438000;IN;3;20;Horizontal Pressure Tube type;1989-09-01;2000-11-16;;202;WNA/IAEA;2015-05-24T04:54:05+03:00;350
Kaiga-2;14.865000;74.438000;IN;3;20;Horizontal Pressure Tube type;1989-12-01;2000-03-16;;202;WNA/IAEA;2015-05-24T04:54:05+03:00;351
Kaiga-3;14.865000;74.438000;IN;3;20;Horizontal Pressure Tube type;2002-03-30;2007-05-06;;202;WNA/IAEA;2015-05-24T04:54:05+03:00;352
Kaiga-4;14.865000;74.438000;IN;3;20;Horizontal Pressure Tube type;2002-05-10;2011-01-20;;202;WNA/IAEA;2015-05-24T04:54:06+03:00;353
Kaiga-5;14.868000;74.441800;IN;1;21;;;;;;WNA;;354
Kaiga-6;14.868000;74.442200;IN;1;21;;;;;;WNA;;355
Kakrapar-1;21.236000;73.351000;IN;3;20;Horizontal Pressure Tube type;1984-12-01;1993-05-06;;202;WNA/IAEA;2015-05-24T04:54:06+03:00;356
Kakrapar-2;21.236000;73.351000;IN;3;20;Horizontal Pressure Tube type;1985-04-01;1995-09-01;;202;WNA/IAEA;2015-05-24T04:54:05+03:00;357
Kakrapar-3;21.236000;73.351000;IN;2;20;PHWR-700;2010-11-22;;;630;WNA/IAEA;2015-05-24T04:51:57+03:00;358
Kakrapar-4;21.236000;73.351000;IN;2;20;PHWR-700;2010-11-22;;;630;WNA/IAEA;2015-05-24T04:51:57+03:00;359
Kalinin-1;57.903000;35.057000;RU;3;21;VVER V-338;1977-02-01;1985-06-12;;950;WNA/IAEA;2015-05-24T04:51:34+03:00;360
Kalinin-2;57.903000;35.057000;RU;3;21;VVER V-338;1982-02-01;1987-03-03;;950;WNA/IAEA;2015-05-24T04:51:34+03:00;361
Kalinin-3;57.903000;35.057000;RU;3;21;VVER V-320;1985-10-01;2005-11-08;;950;WNA/IAEA;2015-05-24T04:51:34+03:00;362
Kalinin-4;57.903000;35.057000;RU;3;21;VVER V-320;1986-08-01;2012-12-25;;950;WNA/IAEA;2015-05-24T04:51:35+03:00;363
Kalpakkam (PFBR);12.553000;80.174000;IN;2;7;Prototype;2004-10-23;;;470;WNA/IAEA;2015-05-24T04:51:50+03:00;364
Kalpakkam-1 (Madras-1 / MAPS1);12.553000;80.174000;IN;3;20;Horizontal Pressure Tube type;1971-01-01;1984-01-27;;202;WNA/IAEA;2015-05-24T04:54:06+03:00;365
Kalpakkam-2 (Madras-2 / MAPS2);12.553000;80.174000;IN;3;20;Horizontal Pressure Tube type;1972-10-01;1986-03-21;;202;WNA/IAEA;2015-05-24T04:54:06+03:00;366
Kaminoseki-1;;;JP;1;1;;;;;;WNA;;367
Kaminoseki-2;;;JP;1;1;;;;;;WNA;;368
Karachi-1 (Kanupp-1 / Kanupp);24.845000;66.790000;PK;3;20;CANDU-137 MW;1966-08-01;1972-12-07;;125;WNA/IAEA;2015-05-24T04:51:31+03:00;369
Karlsruhe MZFR;49.104000;8.432000;DE;5;20;;1961-12-01;1966-12-19;1984-05-03;50;WNA/IAEA;2015-05-24T04:50:44+03:00;370
Kashiwazaki Kariwa-1;37.434000;138.598000;JP;3;5;BWR-5;1980-06-05;1985-09-18;;1067;WNA/IAEA;2015-05-24T04:51:28+03:00;371
Kashiwazaki Kariwa-2;37.434000;138.598000;JP;3;5;BWR-5;1985-11-18;1990-09-28;;1067;WNA/IAEA;2015-05-24T04:51:29+03:00;372
Kashiwazaki Kariwa-3;37.434000;138.598000;JP;3;5;BWR-5;1989-03-07;1993-08-11;;1067;WNA/IAEA;2015-05-24T04:51:30+03:00;373
Kashiwazaki Kariwa-4;37.434000;138.598000;JP;3;5;BWR-5;1990-03-05;1994-08-11;;1067;WNA/IAEA;2015-05-24T04:51:30+03:00;374
Kashiwazaki Kariwa-5;37.434000;138.598000;JP;3;5;BWR-5;1985-06-20;1990-04-10;;1067;WNA/IAEA;2015-05-24T04:51:29+03:00;375
Kashiwazaki Kariwa-6;37.434000;138.598000;JP;3;5;ABWR;1992-11-03;1996-11-07;;1315;WNA/IAEA;2015-05-24T04:51:30+03:00;376
Kashiwazaki Kariwa-7;37.434000;138.598000;JP;3;5;ABWR;1993-07-01;1997-07-02;;1315;WNA/IAEA;2015-05-24T04:51:30+03:00;377
Kewaunee;44.470000;-87.498000;US;5;21;WH 2LP (DRYAMB);1968-08-06;1974-06-16;2013-05-07;535;WNA/IAEA;2017-02-10T23:58:26+02:00;378
Khmelnitski-1;50.301000;26.649000;UA;3;21;VVER V-320;1981-11-01;1988-08-13;;950;WNA/IAEA;2015-05-24T04:51:40+03:00;379
Khmelnitski-2;50.301000;26.649000;UA;3;21;VVER V-320;1985-02-01;2005-12-15;;950;WNA/IAEA;2015-05-24T04:51:40+03:00;380
Khmelnitski-3;50.303056;26.642778;UA;2;21;VVER;1986-03-01;;;1035;IAEA;2017-09-25T03:20:02+03:00;381
Khmelnitski-4;50.303056;26.642778;UA;2;21;VVER;1987-02-01;;;1035;IAEA;2017-09-25T03:20:09+03:00;382
KNK-II;49.098000;8.441000;DE;5;7;Prototype;1974-09-01;1979-03-03;1991-08-23;18;WNA/IAEA;2015-05-24T04:50:48+03:00;383
Koeberg-1;-33.677000;18.433000;ZA;3;21;CP1;1976-07-01;1984-07-21;;921;WNA/IAEA;2015-05-24T04:51:50+03:00;384
Koeberg-2;-33.677000;18.433000;ZA;3;21;CP1;1976-07-01;1985-11-09;;921;WNA/IAEA;2015-05-24T04:51:50+03:00;385
Kola-1;67.467000;32.491000;RU;3;21;VVER V-230;1970-05-01;1973-12-28;;411;WNA/IAEA;2015-05-24T04:51:32+03:00;386
Kola-2;67.467000;32.491000;RU;3;21;VVER V-230;1970-05-01;1975-02-21;;411;WNA/IAEA;2015-05-24T04:51:32+03:00;387
Kola-3;67.467000;32.491000;RU;3;21;VVER V-213;1977-04-01;1982-12-03;;411;WNA/IAEA;2015-05-24T04:51:34+03:00;388
Kola-4;67.467000;32.491000;RU;3;21;VVER V-213;1976-08-01;1984-12-06;;411;WNA/IAEA;2015-05-24T04:51:34+03:00;389
Kori-1;35.321000;129.295000;KR;5;21;WH 60;1972-08-01;1978-04-29;2017-06-18;558;WNA/IAEA;2017-09-25T03:19:42+03:00;390
Kori-2;35.321000;129.295000;KR;3;21;WH F;1977-12-23;1983-07-25;;618;WNA/IAEA;2017-02-10T23:56:42+02:00;391
Kori-3;35.321000;129.295000;KR;3;21;WH F;1979-10-01;1985-09-30;;1001;WNA/IAEA;2015-05-24T04:51:31+03:00;392
Kori-4;35.321000;129.295000;KR;3;21;WH F;1980-04-01;1986-04-29;;903;WNA/IAEA;2015-05-24T04:51:31+03:00;393
Kozloduy-1;43.744000;23.776000;BG;5;21;VVER V-230;1970-04-01;1974-10-28;2002-12-31;408;WNA/IAEA;2015-05-24T04:50:16+03:00;394
Kozloduy-2;43.744000;23.776000;BG;5;21;VVER V-230;1970-04-01;1975-11-10;2002-12-31;408;WNA/IAEA;2015-05-24T04:50:16+03:00;395
Kozloduy-3;43.744000;23.776000;BG;5;21;VVER V-230;1973-10-01;1981-01-20;2006-12-31;408;WNA/IAEA;2015-05-24T04:50:17+03:00;396
Kozloduy-4;43.744000;23.776000;BG;5;21;VVER V-230;1973-10-01;1982-06-20;2006-12-31;408;WNA/IAEA;2015-05-24T04:50:17+03:00;397
Kozloduy-5;43.744000;23.776000;BG;3;21;VVER V-320;1980-07-09;1988-12-23;;953;WNA/IAEA;2015-05-24T04:50:18+03:00;398
Kozloduy-6;43.744000;23.776000;BG;3;21;VVER V-320;1982-04-01;1993-12-30;;963;WNA/IAEA;2019-06-02T20:18:54+03:00;399
Krsko;45.939000;15.516000;SI;3;21;WH 2LP;1975-03-30;1983-01-01;;632;WNA/IAEA;2017-02-10T23:57:25+02:00;400
Kruemmel;53.410000;10.410000;DE;5;5;BWR-69;1974-04-05;1984-03-28;2011-08-06;1260;WNA/IAEA;2015-05-24T04:50:44+03:00;401
Kudankulam-1;8.167000;77.713000;IN;3;21;VVER V-412;2002-03-31;2014-12-31;;917;WNA/IAEA;2015-05-24T04:51:50+03:00;402
Kudankulam-2;8.167000;77.713000;IN;3;21;VVER V-412;2002-07-04;2017-03-31;;917;WNA/IAEA;2017-09-25T03:20:10+03:00;403
Kudankulam-3;8.167050;77.708000;IN;2;21;VVER V-412;2017-06-29;;;917;WNA/IAEA;2017-09-25T03:20:58+03:00;404
Kudankulam-4;8.166660;77.708000;IN;2;21;VVER V-412;2017-10-23;;;917;WNA/IAEA;2018-07-01T01:21:38+03:00;405
Kudankulam-5;8.166270;77.708000;IN;1;21;;;;;;WNA;;406
Kudankulam-6;8.165880;77.708000;IN;1;21;;;;;;WNA;;407
Kumharia-1;;;IN;1;20;;;;;;WNA;;408
Kumharia-2;;;IN;1;20;;;;;;WNA;;409
Kumharia-3;;;IN;1;20;;;;;;WNA;;410
Kumharia-4;;;IN;1;20;;;;;;WNA;;411
Kuosheng-1;25.203000;121.662000;TW;3;5;BWR-6;1975-11-19;1981-12-28;;948;WNA/IAEA;2018-03-10T14:52:04+02:00;412
Kuosheng-2;25.203000;121.662000;TW;3;5;BWR-6;1976-03-15;1983-03-16;;948;WNA/IAEA;2018-03-10T14:52:07+02:00;413
Kursk-1;51.674000;35.607000;RU;3;17;RBMK-1000;1972-06-01;1977-10-12;;925;WNA/IAEA;2015-05-24T04:51:34+03:00;414
Kursk-2;51.674000;35.607000;RU;3;17;RBMK-1000;1973-01-01;1979-08-17;;925;WNA/IAEA;2015-05-24T04:51:34+03:00;415
Kursk-3;51.674000;35.607000;RU;3;17;RBMK-1000;1978-04-01;1984-03-30;;925;WNA/IAEA;2015-05-24T04:51:35+03:00;416
Kursk-4;51.674000;35.607000;RU;3;17;RBMK-1000;1981-05-01;1986-02-05;;925;WNA/IAEA;2015-05-24T04:51:35+03:00;417
LaCrosse;43.559000;-91.230000;US;5;5;;1963-03-01;1969-11-07;1987-04-30;50;WNA/IAEA;2015-05-24T04:51:48+03:00;418
Laguna Verde-1;19.719000;-96.405000;MX;3;5;BWR-5;1976-10-01;1990-07-29;;780;WNA/IAEA;2016-07-08T21:12:48+03:00;419
Laguna Verde-2;19.719000;-96.405000;MX;3;5;BWR-5;1977-06-01;1995-04-10;;780;WNA/IAEA;2016-03-09T18:43:28+02:00;420
LaSalle-1;41.246000;-88.672000;US;3;5;BWR-5 (Mark 2);1973-09-10;1984-01-01;;1078;WNA/IAEA;2015-05-24T04:51:48+03:00;421
LaSalle-2;41.246000;-88.672000;US;3;5;BWR-5 (Mark 2);1973-09-10;1984-10-19;;1078;WNA/IAEA;2015-05-24T04:51:48+03:00;422
Latina;41.427000;12.808000;IT;5;8;MAGNOX;1958-11-01;1964-01-01;1987-12-01;200;WNA/IAEA;2015-05-24T04:51:26+03:00;423
Leibstadt;47.601000;8.183000;CH;3;5;BWR-6;1974-01-01;1984-12-15;;960;WNA/IAEA;2015-05-24T04:50:39+03:00;424
Leningrad 2-1;59.837000;29.039000;RU;3;21;VVER V-491;2008-10-25;2018-10-29;;1101;WNA/IAEA;2019-06-02T20:19:04+03:00;425
Leningrad 2-2;59.837000;29.039000;RU;2;21;VVER V-491;2010-04-15;;;1111;WNA/IAEA;2017-09-25T03:20:34+03:00;426
Leningrad 2-3;59.837000;29.039000;RU;1;21;VVER V-491;;;;1085;wikipedia;;427
Leningrad 2-4;59.837000;29.039000;RU;1;21;VVER V-491;;;;1085;wikipedia;;428
Leningrad-1;59.837000;29.039000;RU;5;17;RBMK-1000;1970-03-01;1974-11-01;2018-12-22;925;WNA/IAEA;2019-06-02T20:19:08+03:00;429
Leningrad-2;59.837000;29.039000;RU;3;17;RBMK-1000;1970-06-01;1976-02-11;;925;WNA/IAEA;2015-05-24T04:51:34+03:00;430
Leningrad-3;59.837000;29.039000;RU;3;17;RBMK-1000;1973-12-01;1980-06-29;;925;WNA/IAEA;2015-05-24T04:51:34+03:00;431
Leningrad-4;59.837000;29.039000;RU;3;17;RBMK-1000;1975-02-01;1981-08-29;;925;WNA/IAEA;2015-05-24T04:51:34+03:00;432
Lianyungang-1;;;CN;1;21;;;;;;WNA;;433
Lianyungang-2;;;CN;1;21;;;;;;WNA;;434
Limerick-1;40.225000;-75.584000;US;3;5;BWR-4 (Mark 2);1974-06-19;1986-02-01;;1055;WNA/IAEA;2015-05-24T04:51:47+03:00;435
Limerick-2;40.225000;-75.584000;US;3;5;BWR-4 (Mark 2);1974-06-19;1990-01-08;;1055;WNA/IAEA;2015-05-24T04:51:47+03:00;436
Lingao-1;22.606000;114.550000;CN;3;21;M310;1997-05-15;2002-05-28;;950;WNA/IAEA;2015-05-24T04:50:40+03:00;437
Lingao-2;22.606000;114.550000;CN;3;21;M310;1997-11-28;2003-01-08;;950;WNA/IAEA;2015-05-24T04:50:40+03:00;438
Lingao-3;22.609000;114.552000;CN;3;21;CPR-1000;2005-12-15;2010-09-15;;1007;WNA/IAEA;2015-05-24T04:51:51+03:00;439
Lingao-4;22.609000;114.552000;CN;3;21;CPR-1000;2006-06-15;2011-08-07;;1007;WNA/IAEA;2015-05-24T04:51:51+03:00;440
Lingen;52.483000;7.302000;DE;5;5;BWR with fossil fuel-fired superheater;1964-10-01;1968-10-01;1977-01-05;240;WNA/IAEA;2015-05-24T04:54:05+03:00;441
Longyou-1;;;CN;1;21;;;;;;WNA;;442
Longyou-2;;;CN;1;21;;;;;;WNA;;443
Loviisa-1;60.372000;26.342000;FI;3;21;VVER V-213;1971-05-01;1977-05-09;;420;WNA/IAEA;2015-05-24T04:50:50+03:00;444
Loviisa-2;60.372000;26.342000;FI;3;21;VVER V-213;1972-08-01;1981-01-05;;420;WNA/IAEA;2015-05-24T04:50:50+03:00;445
Lucens;46.693000;6.827000;CH;5;11;HWGCR: 2-loops;1962-04-01;;1969-01-21;6;WNA/IAEA;2015-05-24T04:51:57+03:00;446
Lungmen-1;25.038000;121.924000;TW;2;5;ABWR;1999-03-31;;;1300;WNA/IAEA;2015-05-24T04:51:39+03:00;447
Lungmen-2;25.038000;121.924000;TW;2;5;ABWR;1999-08-30;;;1300;WNA/IAEA;2015-05-24T04:51:39+03:00;448
Maanshan-1;25.038000;121.924000;TW;3;21;WH 3LP (WE 312);1978-08-21;1984-07-27;;890;WNA/IAEA;2017-02-10T23:57:27+02:00;449
Maanshan-2;25.038000;121.924000;TW;3;21;WH 3LP (WE 312);1979-02-21;1985-05-18;;890;WNA/IAEA;2017-02-10T23:57:34+02:00;450
Maine Yankee;43.951000;-69.695000;US;5;21;;1968-10-01;1972-12-28;1997-08-01;825;WNA/IAEA;2015-05-24T04:51:44+03:00;451
McGuire-1;35.433000;-80.946000;US;3;21;WH 4LP (ICECND);1971-04-01;1981-12-01;;1180;WNA/IAEA;2017-02-10T23:58:55+02:00;452
McGuire-2;35.433000;-80.946000;US;3;21;WH 4LP (ICECND);1971-04-01;1984-03-01;;1180;WNA/IAEA;2017-02-10T23:58:55+02:00;453
Mihama-1;35.701000;135.962000;JP;5;21;WH 2LP;1967-02-01;1970-11-28;2015-04-27;320;WNA/IAEA;2017-02-10T23:56:29+02:00;454
Mihama-2;35.701000;135.962000;JP;5;21;M (2-loop);1968-05-29;1972-07-25;2015-04-27;470;WNA/IAEA;2015-05-24T04:51:30+03:00;455
Mihama-3;35.701000;135.962000;JP;3;21;M (3-loop);1972-08-07;1976-12-01;;780;WNA/IAEA;2015-05-24T04:51:27+03:00;456
Millstone-1;41.312000;-72.166000;US;5;5;;1966-05-01;1971-03-01;1998-07-01;660;WNA/IAEA;2015-05-24T04:51:41+03:00;457
Millstone-2;41.312000;-72.166000;US;3;21;CE 2LP (DRYAMB);1969-11-01;1975-12-26;;870;WNA/IAEA;2017-02-10T23:58:48+02:00;458
Millstone-3;41.312000;-72.166000;US;3;21;WH 4LP (DRYSUB);1974-08-09;1986-04-23;;1159;WNA/IAEA;2017-02-10T23:59:15+02:00;459
Mochovce-1;48.261000;18.455000;SK;3;21;VVER V-213;1983-10-13;1998-10-29;;408;WNA/IAEA;2015-05-24T04:51:38+03:00;460
Mochovce-2;48.261000;18.455000;SK;3;21;VVER V-213;1983-10-13;2000-04-11;;408;WNA/IAEA;2015-05-24T04:51:38+03:00;461
Mochovce-3;48.261000;18.455000;SK;2;21;VVER V-213;1987-01-27;;;440;WNA/IAEA;2015-05-24T04:51:38+03:00;462
Mochovce-4;48.261000;18.455000;SK;2;21;VVER V-213;1987-01-27;;;440;WNA/IAEA;2015-05-24T04:51:38+03:00;463
Monju;35.739000;135.988000;JP;5;7;;1986-05-10;;2017-12-05;246;WNA/IAEA;2018-03-10T14:51:35+02:00;464
Monticello;45.334000;-93.850000;US;3;5;BWR-3 (Mark 1);1967-06-19;1971-06-30;;545;WNA/IAEA;2017-02-10T23:58:02+02:00;465
Muehleberg;46.969000;7.266000;CH;3;5;BWR-4;1967-03-01;1972-11-06;;306;WNA/IAEA;2015-05-24T04:50:38+03:00;466
Muelheim-Kaerlich;50.409000;7.485000;DE;5;21;PWR;1975-01-15;1987-08-18;1988-09-09;1219;WNA/IAEA;2015-05-24T04:50:45+03:00;467
Narora-1;28.156000;78.409000;IN;3;20;Horizontal Pressure Tube type;1976-12-01;1991-01-01;;202;WNA/IAEA;2015-05-24T04:54:06+03:00;468
Narora-2;28.155000;78.409000;IN;3;20;Horizontal Pressure Tube type;1977-11-01;1992-07-01;;202;WNA/IAEA;2015-05-24T04:54:06+03:00;469
Neckarwestheim-1;49.039000;9.176000;DE;5;21;PWR;1972-02-01;1976-12-01;2011-08-06;805;WNA/IAEA;2015-05-24T04:50:42+03:00;470
Neckarwestheim-2;49.039000;9.176000;DE;3;21;Konvoi;1982-11-09;1989-04-15;;1225;WNA/IAEA;2015-05-24T04:50:46+03:00;471
Niederaichbach;48.604000;12.304000;DE;5;11;pressure tube reactor;1966-06-01;1973-01-01;1974-07-31;100;WNA/IAEA;2015-05-24T04:54:04+03:00;472
Nine Mile Point-1;43.522000;-76.412000;US;3;5;BWR-2 (Mark 1);1965-04-12;1969-12-01;;620;WNA/IAEA;2015-05-24T04:51:41+03:00;473
Nine Mile Point-2;43.522000;-76.412000;US;3;5;BWR-5 (Mark 2);1975-08-01;1988-03-11;;1100;WNA/IAEA;2015-05-24T04:51:48+03:00;474
Ningde-1;27.046000;120.287000;CN;3;21;CPR-1000;2008-02-18;2013-04-15;;1018;WNA/IAEA;2015-05-24T04:51:56+03:00;475
Ningde-2;27.046000;120.287000;CN;3;21;CPR-1000;2008-11-12;2014-05-04;;1018;WNA/IAEA;2015-05-24T04:51:56+03:00;476
Ningde-3;27.046000;120.287000;CN;3;21;CPR-1000;2010-01-08;2015-06-10;;1018;WNA/IAEA;2015-08-23T03:28:29+03:00;477
Ningde-4;27.046000;120.287000;CN;3;21;CPR-1000;2010-09-29;2016-07-21;;1018;WNA/IAEA;2016-10-03T22:05:23+03:00;478
Ningde-5;27.046000;120.287000;CN;1;21;CPR-1000;;;;;WNA/wikipedia;;479
Ningde-6;27.046000;120.287000;CN;1;21;CPR-1000;;;;;WNA/wikipedia;;480
Nizhegorod-1;55.786863;42.372150;RU;1;21;;;;;;WNA;;481
Nizhegorod-2;55.787102;42.372150;RU;1;21;;;;;;WNA;;482
Nogent-1;48.517000;3.520000;FR;3;21;P4 REP 1300;1981-05-26;1988-02-24;;1310;WNA/IAEA;2015-05-24T04:51:03+03:00;483
Nogent-2;48.517000;3.520000;FR;3;21;P4 REP 1300;1982-01-01;1989-05-01;;1310;WNA/IAEA;2015-05-24T04:51:03+03:00;484
North Anna-1;38.061000;-77.792000;US;3;21;WH 3LP (DRYSUB);1971-02-19;1978-06-06;;907;WNA/IAEA;2017-02-10T23:58:49+02:00;485
North Anna-2;38.061000;-77.792000;US;3;21;WH 3LP (DRYSUB);1971-02-19;1980-12-14;;907;WNA/IAEA;2017-02-10T23:58:50+02:00;486
Novovoronezh 2-1;51.273000;39.197000;RU;3;21;VVER V-392M;2008-06-24;2017-02-27;;1100;WNA/IAEA;2019-06-02T20:19:10+03:00;487
Novovoronezh 2-2;51.273000;39.197000;RU;3;21;VVER V-392M;2009-07-12;;;1114;WNA/IAEA;2019-06-02T20:19:13+03:00;488
Novovoronezh-1;51.275000;39.206000;RU;5;21;VVER V-210;1957-07-01;1964-12-31;1988-02-16;197;WNA/IAEA;2018-07-01T01:21:51+03:00;489
Novovoronezh-2;51.275000;39.206000;RU;5;21;VVER V-365;1964-06-01;1970-04-14;1990-08-29;336;WNA/IAEA;2018-07-01T01:21:53+03:00;490
Novovoronezh-3;51.275000;39.206000;RU;5;21;VVER V-179;1967-07-01;1972-06-29;2016-12-25;385;WNA/IAEA;2017-02-10T23:57:16+02:00;491
Novovoronezh-4;51.275000;39.206000;RU;3;21;VVER V-179;1967-07-01;1973-03-24;;385;WNA/IAEA;2015-05-24T04:51:32+03:00;492
Novovoronezh-5;52.381000;39.211000;RU;3;21;VVER V-187;1974-03-01;1981-02-20;;950;WNA/IAEA;2015-05-24T04:51:34+03:00;493
Obrigheim;49.365000;9.077000;DE;5;21;;1965-03-15;1969-03-31;2005-05-11;283;WNA/IAEA;2015-05-24T04:50:46+03:00;494
Oconee-1;34.796000;-82.894000;US;3;21;B&W LLP (DRYAMB);1967-11-06;1973-07-15;;887;WNA/IAEA;2017-02-10T23:58:05+02:00;495
Oconee-2;34.796000;-82.894000;US;3;21;B&W LLP (DRYAMB);1967-11-06;1974-09-09;;887;WNA/IAEA;2017-02-10T23:58:08+02:00;496
Oconee-3;34.796000;-82.894000;US;3;21;B&W LLP (DRYAMB);1967-11-06;1974-12-16;;887;WNA/IAEA;2017-02-10T23:58:18+02:00;497
Ohi-1;35.544000;135.652000;JP;5;21;WH 4LP;1972-10-26;1979-03-27;2018-03-01;1120;WNA/IAEA;2019-06-02T20:19:15+03:00;498
Ohi-2;35.544000;135.652000;JP;5;21;WH 4LP;1972-12-08;1979-12-05;2018-03-01;1120;WNA/IAEA;2019-06-02T20:19:18+03:00;499
Ohi-3;35.544000;135.652000;JP;3;21;M (4-loop);1987-10-03;1991-12-18;;1127;WNA/IAEA;2015-05-24T04:51:30+03:00;500
Ohi-4;35.544000;135.652000;JP;3;21;M (4-loop);1988-06-13;1993-02-02;;1127;WNA/IAEA;2015-05-24T04:51:30+03:00;501
Ohma;41.507000;140.909000;JP;2;5;ABWR;2010-05-07;;;1328;WNA/IAEA;2017-02-10T23:59:23+02:00;502
Oldbury-A1;51.649000;-2.567000;GB;5;8;MAGNOX;1962-05-01;1967-12-31;2012-02-29;300;WNA/IAEA;2015-05-24T04:51:11+03:00;503
Oldbury-A2;51.649000;-2.567000;GB;5;8;MAGNOX;1962-05-01;1968-09-30;2011-06-30;300;WNA/IAEA;2015-05-24T04:51:12+03:00;504
Olkiluoto-1;61.235000;21.444000;FI;3;5;AA-III, BWR-2500;1974-02-01;1979-10-10;;660;WNA/IAEA;2018-03-10T14:51:29+02:00;505
Olkiluoto-2;61.235000;21.444000;FI;3;5;AA-III, BWR-2500;1975-11-01;1982-07-10;;660;WNA/IAEA;2018-03-10T14:51:33+02:00;506
Olkiluoto-3;61.234000;21.435000;FI;2;21;EPR;2005-08-12;;;1600;WNA/IAEA;2015-05-24T04:51:50+03:00;507
Olkiluoto-4;61.234352;21.436287;FI;1;;;;;;;WNA;;508
Onagawa-1;38.400000;141.504000;JP;3;5;BWR-4;1980-07-08;1984-06-01;;496;WNA/IAEA;2015-05-24T04:51:28+03:00;509
Onagawa-2;38.400000;141.504000;JP;3;5;BWR-5;1991-04-12;1995-07-28;;796;WNA/IAEA;2015-05-24T04:51:30+03:00;510
Onagawa-3;38.400000;141.504000;JP;3;5;BWR-5;1998-01-23;2002-01-30;;796;WNA/IAEA;2015-05-24T04:51:30+03:00;511
Oskarshamn-1;57.415000;16.666000;SE;5;5;AA-I;1966-08-01;1972-02-06;2017-06-19;440;WNA/IAEA;2018-03-10T14:51:55+02:00;512
Oskarshamn-2;57.415000;16.666000;SE;5;5;AA-II;1969-09-01;1975-01-01;2016-12-22;580;WNA/IAEA;2018-03-10T14:51:56+02:00;513
Oskarshamn-3;57.415000;16.666000;SE;3;5;AA-IV, BWR-3000;1980-05-01;1985-08-15;;1050;WNA/IAEA;2018-03-10T14:51:50+02:00;514
Oyster Creek;39.815000;-74.208000;US;5;5;BWR-2 (Mark 1);1964-12-15;1969-12-01;2018-09-17;650;WNA/IAEA;2018-10-13T22:30:27+03:00;515
Paks-1;46.574000;18.855000;HU;3;21;VVER V-213;1974-08-01;1983-08-10;;408;WNA/IAEA;2015-05-24T04:51:21+03:00;516
Paks-2;46.574000;18.855000;HU;3;21;VVER V-213;1974-08-01;1984-11-14;;410;WNA/IAEA;2015-05-24T04:51:21+03:00;517
Paks-3;46.574000;18.855000;HU;3;21;VVER V-213;1979-10-01;1986-12-01;;410;WNA/IAEA;2015-05-24T04:51:21+03:00;518
Paks-4;46.574000;18.855000;HU;3;21;VVER V-213;1979-10-01;1987-11-01;;410;WNA/IAEA;2015-05-24T04:51:21+03:00;519
Palisades;42.323000;-86.316000;US;3;21;CE 2LP (DRYAMB);1967-03-14;1971-12-31;;805;WNA/IAEA;2017-02-10T23:57:59+02:00;520
Palo Verde-1;33.387000;-112.863000;US;3;21;CE80 2LP (DRYAMB);1976-05-25;1986-01-28;;1221;WNA/IAEA;2017-02-10T23:59:21+02:00;521
Palo Verde-2;33.387000;-112.863000;US;3;21;CE80 2LP (DRYAMB);1976-06-01;1986-09-19;;1304;WNA/IAEA;2017-02-10T23:59:22+02:00;522
Palo Verde-3;33.387000;-112.863000;US;3;21;CE80 2LP (DRYAMB);1976-06-01;1988-01-08;;1304;WNA/IAEA;2017-02-10T23:59:23+02:00;523
Paluel-1;49.857000;0.635000;FR;3;21;P4 REP 1300;1977-08-15;1985-12-01;;1330;WNA/IAEA;2015-05-24T04:50:57+03:00;524
Paluel-2;49.857000;0.635000;FR;3;21;P4 REP 1300;1978-01-01;1985-12-01;;1330;WNA/IAEA;2015-05-24T04:50:57+03:00;525
Paluel-3;49.857000;0.635000;FR;3;21;P4 REP 1300;1979-02-01;1986-02-01;;1330;WNA/IAEA;2015-05-24T04:50:58+03:00;526
Paluel-4;49.857000;0.635000;FR;3;21;P4 REP 1300;1980-02-01;1986-06-01;;1330;WNA/IAEA;2015-05-24T04:50:58+03:00;527
Pathfinder;43.603000;-96.636000;US;5;5;Prototype;1959-01-01;1966-08-01;1967-10-01;59;WNA/IAEA;2017-02-10T23:57:35+02:00;528
Peach Bottom-1;39.759000;-76.270000;US;5;9;;1962-02-01;1967-06-01;1974-11-01;40;WNA/IAEA;2015-05-24T04:51:41+03:00;529
Peach Bottom-2;39.759000;-76.270000;US;3;5;BWR-4 (Mark 1);1968-01-31;1974-07-05;;1065;WNA/IAEA;2015-05-24T04:51:42+03:00;530
Peach Bottom-3;39.759000;-76.270000;US;3;5;BWR-4 (Mark 1);1968-01-31;1974-12-23;;1065;WNA/IAEA;2015-05-24T04:51:42+03:00;531
Pengze-1;;;CN;1;21;AP-1000;;;;;WNA;;532
Pengze-2;;;CN;1;21;AP-1000;;;;;WNA;;533
Penly-1;49.975000;1.215000;FR;3;21;P4 REP 1300;1982-09-01;1990-12-01;;1330;WNA/IAEA;2015-05-24T04:51:05+03:00;534
Penly-2;49.975000;1.215000;FR;3;21;P4 REP 1300;1984-08-01;1992-11-01;;1330;WNA/IAEA;2015-05-24T04:51:05+03:00;535
Penly-3;49.977611;1.214090;FR;1;21;;;;;;WNA;;536
Perry-1;41.801000;-81.147000;US;3;5;BWR-6 (Mark 3);1974-10-01;1987-11-18;;1205;WNA/IAEA;2015-05-24T04:51:49+03:00;537
Phenix;44.142000;4.712000;FR;5;7;PH-250;1968-11-01;1974-07-14;2010-02-01;233;WNA/IAEA;2015-05-24T04:50:50+03:00;538
Philippsburg-1;49.253000;8.432000;DE;5;5;BWR-69;1970-10-01;1980-03-26;2011-08-06;864;WNA/IAEA;2015-05-24T04:50:42+03:00;539
Philippsburg-2;49.253000;8.432000;DE;3;21;PWR;1977-07-07;1985-04-18;;1268;WNA/IAEA;2015-05-24T04:50:46+03:00;540
Pickering-1;43.812000;-79.070000;CA;3;20;CANDU 500A;1966-06-01;1971-07-29;;508;WNA/IAEA;2015-05-24T04:50:33+03:00;541
Pickering-2;43.812000;-79.070000;CA;5;20;CANDU 500A;1966-09-01;1971-12-30;2007-05-28;508;WNA/IAEA;2015-05-24T04:50:36+03:00;542
Pickering-3;43.812000;-79.070000;CA;5;20;CANDU 500A;1967-12-01;1972-06-01;2008-10-31;508;WNA/IAEA;2015-05-24T04:50:36+03:00;543
Pickering-4;43.812000;-79.070000;CA;3;20;CANDU 500A;1968-05-01;1973-06-17;;508;WNA/IAEA;2015-05-24T04:50:37+03:00;544
Pickering-5;43.812000;-79.070000;CA;3;20;CANDU 500B;1974-11-01;1983-05-10;;516;WNA/IAEA;2015-05-24T04:50:22+03:00;545
Pickering-6;43.812000;-79.070000;CA;3;20;CANDU 500B;1975-10-01;1984-02-01;;516;WNA/IAEA;2015-05-24T04:50:22+03:00;546
Pickering-7;43.812000;-79.070000;CA;3;20;CANDU 500B;1976-03-01;1985-01-01;;516;WNA/IAEA;2015-05-24T04:50:23+03:00;547
Pickering-8;43.812000;-79.070000;CA;3;20;CANDU 500B;1976-09-01;1986-02-28;;516;WNA/IAEA;2015-05-24T04:50:23+03:00;548
Pilgrim-1;41.945000;-70.578000;US;3;5;BWR-3 (Mark 1);1968-08-26;1972-12-01;;655;WNA/IAEA;2015-05-24T04:51:43+03:00;549
Piqua;40.132222;-84.234722;US;5;19;OCM (Organically Cooled and Moderated Reactor);1960-01-01;1963-11-01;1966-01-01;11;IAEA;2015-05-24T04:54:13+03:00;550
Point Beach-1;44.282000;-87.534000;US;3;21;WH 2LP (DRYAMB);1967-07-19;1970-12-21;;497;WNA/IAEA;2017-02-10T23:58:03+02:00;551
Point Beach-2;44.282000;-87.534000;US;3;21;WH 2LP (DRYAMB);1968-07-25;1972-10-01;;497;WNA/IAEA;2017-02-10T23:58:22+02:00;552
Point Lepreau;45.068000;-66.455000;CA;3;20;CANDU 6;1975-05-01;1983-02-01;;660;WNA/IAEA;2015-05-24T04:50:23+03:00;553
Point Lepreau 2;45.068000;-66.454600;CA;1;;;;;;;WNA;;554
Prairie Island-1;44.622000;-92.631000;US;3;21;WH 2LP (DRYAMB);1968-06-25;1973-12-16;;530;WNA/IAEA;2017-02-10T23:58:12+02:00;555
Prairie Island-2;44.622000;-92.631000;US;3;21;WH 2LP (DRYAMB);1969-06-25;1974-12-21;;530;WNA/IAEA;2017-02-10T23:58:28+02:00;556
Qinshan-1;30.440000;120.950000;CN;3;21;CNP-300;1985-03-20;1994-04-01;;289;WNA/IAEA;2017-09-25T03:19:32+03:00;557
Qinshan-2-1 (Qinshan 2);30.440000;120.950000;CN;3;21;CNP-600;1996-06-02;2002-04-15;;610;WNA/IAEA;2015-05-24T04:50:40+03:00;558
Qinshan-2-2 (Qinshan 3);30.440000;120.950000;CN;3;21;CNP-600;1997-04-01;2004-05-03;;610;WNA/IAEA;2015-05-24T04:50:40+03:00;559
Qinshan-2-3 (Qinshan 4);30.440000;120.950000;CN;3;21;CNP-600;2006-04-28;2010-10-05;;619;WNA/IAEA;2015-05-24T04:51:51+03:00;560
Qinshan-2-4 (Qinshan 5);30.440000;120.950000;CN;3;21;CNP-600;2007-01-28;2011-12-30;;619;WNA/IAEA;2015-05-24T04:51:51+03:00;561
Qinshan-3-1 (Qinshan 6);30.440000;120.950000;CN;3;20;CANDU 6;1998-06-08;2002-12-31;;677;WNA/IAEA;2015-05-24T04:50:40+03:00;562
Qinshan-3-2 (Qinshan 7);30.440000;120.950000;CN;3;20;CANDU 6;1998-09-25;2003-07-24;;677;WNA/IAEA;2015-05-24T04:51:50+03:00;563
Quad Cities-1;41.727000;-90.308000;US;3;5;BWR-3 (Mark 1);1967-02-15;1973-02-18;;789;WNA/IAEA;2015-05-24T04:51:41+03:00;564
Quad Cities-2;41.727000;-90.308000;US;3;5;BWR-3 (Mark 1);1967-02-15;1973-03-10;;789;WNA/IAEA;2015-05-24T04:51:42+03:00;565
R. E. Ginna;43.279000;-77.311000;US;3;21;WH 2LP (DRYAMB);1966-04-25;1970-07-01;;470;WNA/IAEA;2017-02-10T23:57:51+02:00;566
Rajasthan-1;24.876000;75.608000;IN;3;20;Horizontal Pressure Tube type;1965-08-01;1973-12-16;;207;WNA/IAEA;2015-05-24T04:54:06+03:00;567
Rajasthan-2;24.876000;75.608000;IN;3;20;Horizontal Pressure Tube type;1968-04-01;1981-04-01;;207;WNA/IAEA;2015-05-24T04:54:06+03:00;568
Rajasthan-3;24.876000;75.608000;IN;3;20;Horizontal Pressure Tube type;1990-02-01;2000-06-01;;202;WNA/IAEA;2015-05-24T04:54:05+03:00;569
Rajasthan-4;24.876000;75.608000;IN;3;20;Horizontal Pressure Tube type;1990-10-01;2000-12-23;;202;WNA/IAEA;2015-05-24T04:54:05+03:00;570
Rajasthan-5;24.876000;75.608000;IN;3;20;Horizontal Pressure Tube type;2002-09-18;2010-02-04;;202;WNA/IAEA;2015-05-24T04:54:06+03:00;571
Rajasthan-6;24.876000;75.608000;IN;3;20;Horizontal Pressure Tube type;2003-01-20;2010-03-31;;202;WNA/IAEA;2015-05-24T04:54:06+03:00;572
Rajasthan-7;24.876000;75.608000;IN;2;20;Horizontal Pressure Tube type;2011-07-18;;;630;WNA/IAEA;2015-05-24T04:54:06+03:00;573
Rajasthan-8;24.876000;75.608000;IN;2;20;Horizontal Pressure Tube type;2011-09-30;;;630;WNA/IAEA;2015-05-24T04:54:06+03:00;574
Rancho Seco-1;38.345000;-121.120000;US;5;21;;1969-04-01;1975-04-17;1989-06-07;918;WNA/IAEA;2015-05-24T04:51:44+03:00;575
Rheinsberg;53.147000;12.991000;DE;5;21;VVER-70;1960-01-01;1966-10-11;1990-06-01;62;WNA/IAEA;2015-05-24T04:50:47+03:00;576
Ringhals-1;57.259000;12.111000;SE;3;5;AA-I;1969-02-01;1976-01-01;;760;WNA/IAEA;2018-03-10T14:51:57+02:00;577
Ringhals-2;57.259000;12.111000;SE;3;21;WH 3LP;1970-10-01;1975-05-01;;820;WNA/IAEA;2017-02-10T23:57:24+02:00;578
Ringhals-3;57.259000;12.111000;SE;3;21;WH 3LP;1972-09-01;1981-09-09;;915;WNA/IAEA;2017-02-10T23:57:24+02:00;579
Ringhals-4;57.259000;12.111000;SE;3;21;WH 3LP;1973-11-01;1983-11-21;;915;WNA/IAEA;2017-02-10T23:57:21+02:00;580
River Bend-1;30.727000;-91.372000;US;3;5;BWR-6 (Mark 3);1977-03-25;1986-06-16;;966;WNA/IAEA;2015-05-24T04:51:49+03:00;581
Rolphton NPD;46.201000;-77.705000;CA;5;20;CANDU;1958-01-01;1962-10-01;1987-08-01;17;WNA/IAEA;2015-05-24T04:50:20+03:00;582
Rostov-1 (Volgodonsk-1);47.599000;42.373000;RU;3;21;VVER V-320;1981-09-01;2001-12-25;;950;WNA/IAEA;2015-05-24T04:51:35+03:00;583
Rostov-2 (Volgodonsk-2);47.599000;42.373000;RU;3;21;VVER V-320;1983-05-01;2010-12-10;;950;WNA/IAEA;2015-05-24T04:51:35+03:00;584
Rostov-3 (Volgodonsk-3);47.599000;42.373000;RU;3;21;VVER V-320;2009-09-15;2015-09-17;;950;WNA/IAEA;2017-02-10T23:57:13+02:00;585
Rostov-4 (Volgodonsk-4);47.599000;42.373000;RU;3;21;VVER V-320;2010-06-16;2018-09-28;;950;WNA/IAEA;2019-06-02T20:19:20+03:00;586
Rovno-1;51.326000;25.900000;UA;3;21;VVER V-213;1973-08-01;1981-09-22;;361;WNA/IAEA;2015-05-24T04:51:40+03:00;587
Rovno-2;51.326000;25.900000;UA;3;21;VVER V-213;1973-10-01;1982-07-29;;384;WNA/IAEA;2015-05-24T04:51:40+03:00;588
Rovno-3;51.326000;25.900000;UA;3;21;VVER V-320;1980-02-01;1987-05-16;;950;WNA/IAEA;2015-05-24T04:51:40+03:00;589
Rovno-4;51.326000;25.900000;UA;3;21;VVER V-320;1986-08-01;2006-04-06;;950;WNA/IAEA;2015-05-24T04:51:40+03:00;590
Salem-1;39.463000;-75.534000;US;3;21;WH 4LP (DRYAMB);1968-09-25;1977-06-30;;1090;WNA/IAEA;2017-02-10T23:58:08+02:00;591
Salem-2;39.463000;-75.534000;US;3;21;WH 4LP (DRYAMB);1968-09-25;1981-10-13;;1115;WNA/IAEA;2017-02-10T23:58:29+02:00;592
San Onofre-1;33.368000;-117.556000;US;5;21;;1964-05-01;1968-01-01;1992-11-30;436;WNA/IAEA;2015-05-24T04:51:41+03:00;593
San Onofre-2;33.368000;-117.556000;US;5;21;CE (2-loop) DRYAMB;1974-03-01;1983-08-08;2013-06-07;1070;WNA/IAEA;2015-05-24T04:54:11+03:00;594
San Onofre-3;33.368000;-117.556000;US;5;21;CE (2-loop) DRYAMB;1974-03-01;1984-04-01;2013-06-07;1070;WNA/IAEA;2015-05-24T04:54:11+03:00;595
Sanmen-1;29.101000;121.642000;CN;3;21;AP-1000;2009-04-19;2018-09-21;;1157;WNA/IAEA;2018-10-13T22:30:42+03:00;596
Sanmen-2;29.101000;121.642000;CN;3;21;AP-1000;2009-12-15;2018-11-05;;1157;WNA/IAEA;2019-06-02T20:19:24+03:00;597
Sanmen-3;29.101111;121.651944;CN;1;21;;;;;;WNA;;598
Sanmen-4;29.101111;121.656944;CN;1;21;;;;;;WNA;;599
Sanming-1;;;CN;1;7;;;;;;WNA;;600
Sanming-2;;;CN;1;7;;;;;;WNA;;601
Santa Maria de Garona;42.775000;-3.205000;ES;5;5;BWR-3;1966-09-01;1971-05-11;2017-08-02;440;WNA/IAEA;2017-09-25T03:19:35+03:00;602
Saxton;40.226944;-78.241944;US;5;21;25;1960-01-01;1967-03-01;1972-05-01;3;IAEA;2015-05-24T04:51:55+03:00;603
Seabrook-1;42.897000;-70.849000;US;3;21;WH 4LP (DRYAMB);1976-07-07;1990-08-19;;1149;WNA/IAEA;2017-02-10T23:59:16+02:00;604
Sendai-1;31.834000;130.193000;JP;3;21;M (3-loop);1979-12-15;1984-07-04;;846;WNA/IAEA;2015-05-24T04:51:28+03:00;605
Sendai-2;31.834000;130.193000;JP;3;21;M (3-loop);1981-10-12;1985-11-28;;846;WNA/IAEA;2015-05-24T04:51:29+03:00;606
Sendai-3;;;JP;1;3;;;;;;WNA;;607
Sequoyah-1;35.228000;-85.094000;US;3;21;WH 4LP (ICECND);1970-05-27;1981-07-01;;1148;WNA/IAEA;2017-02-10T23:58:40+02:00;608
Sequoyah-2;35.228000;-85.094000;US;3;21;WH 4LP (ICECND);1970-05-27;1982-06-01;;1148;WNA/IAEA;2017-02-10T23:58:43+02:00;609
Shanwei-1;;;CN;1;21;;;;;;WNA;;610
Shaoguan-1;;;CN;1;21;;;;;;WNA;;611
Shaoguan-2;;;CN;1;21;;;;;;WNA;;612
Shaoguan-3;;;CN;1;21;;;;;;WNA;;613
Shaoguan-4;;;CN;1;21;;;;;;WNA;;614
Shearon Harris-1;35.635000;-78.955000;US;3;21;WH 3LP (DRYAMB);1978-01-28;1987-05-02;;900;WNA/IAEA;2017-02-10T23:58:59+02:00;615
Shidao Bay-1;37.166667;122.416667;CN;2;9;HTR-PM;2012-12-09;;;200;IAEA;2015-05-24T04:51:57+03:00;616
Shika-1;37.061000;136.728000;JP;3;5;BWR-5;1989-07-01;1993-07-30;;505;WNA/IAEA;2015-05-24T04:51:29+03:00;617
Shika-2;37.061000;136.728000;JP;3;5;ABWR;2001-08-20;2006-03-15;;1304;WNA/IAEA;2015-05-24T04:51:50+03:00;618
Shimane-1;35.537000;132.999000;JP;5;5;BWR-3;1970-07-02;1974-03-29;2015-04-30;439;WNA/IAEA;2015-05-24T04:51:30+03:00;619
Shimane-2;35.537000;132.999000;JP;3;5;BWR-5;1985-02-02;1989-02-10;;789;WNA/IAEA;2015-05-24T04:51:29+03:00;620
Shimane-3;35.537000;132.999000;JP;2;5;ABWR;2007-10-12;;;1325;WNA/IAEA;2015-05-24T04:51:51+03:00;621
Shin Wolsong-1;35.722000;129.479000;KR;3;21;OPR-1000;2007-11-20;2012-07-31;;950;WNA/IAEA;2015-05-24T05:13:40+03:00;622
Shin Wolsong-2;35.722000;129.479000;KR;3;21;OPR-1000;2008-09-23;2015-07-24;;950;WNA/IAEA;2015-08-23T03:28:27+03:00;623
Shin-Hanul-1;37.083889;129.391667;KR;2;21;APR-1400;2012-07-10;;;1340;IAEA;2015-05-24T04:51:53+03:00;624
Shin-Hanul-2;37.083889;129.391667;KR;2;21;APR-1400;2013-06-19;;;1340;IAEA;2015-05-24T04:51:53+03:00;625
Shin-Kori-1;35.327000;129.302000;KR;3;21;OPR-1000;2006-06-16;2011-02-28;;998;WNA/IAEA;2015-05-24T04:51:51+03:00;626
Shin-Kori-2;35.327000;129.302000;KR;3;21;OPR-1000;2007-06-05;2012-07-20;;995;WNA/IAEA;2015-05-24T04:51:51+03:00;627
Shin-Kori-3;35.327000;129.302000;KR;3;21;APR-1400;2008-10-16;2016-12-20;;1340;WNA/IAEA;2017-09-25T03:20:21+03:00;628
Shin-Kori-4;35.327000;129.302000;KR;3;21;APR-1400;2009-08-19;;;1340;WNA/IAEA;2019-06-02T20:19:26+03:00;629
Shin-Kori-5;35.327000;129.302000;KR;2;21;APR-1400;2017-04-01;;;1340;WNA/wikipedia/IAEA;2018-03-10T14:54:40+02:00;630
Shin-Kori-6;35.327000;129.302000;KR;2;21;APR-1400;2018-09-20;;;1340;WNA/wikipedia/IAEA;2018-10-13T22:30:47+03:00;631
Shippingport;40.630000;-80.417778;US;5;21;PLWBR;1954-01-01;1958-05-26;1982-10-01;60;IAEA;2015-05-24T04:51:54+03:00;632
Shoreham;40.960000;-72.866000;US;5;5;;1972-11-01;1986-08-01;1989-05-01;809;WNA/IAEA;2017-02-10T23:58:37+02:00;633
Sinop-1;42.000000;35.000000;TR;1;21;ATMEA-1;;;;;wikipedia;;634
Sinop-2;42.000000;35.000000;TR;1;21;ATMEA-1;;;;;wikipedia;;635
Sinop-3;42.000000;35.000000;TR;1;21;ATMEA-1;;;;;wikipedia;;636
Sinop-4;42.000000;35.000000;TR;1;21;ATMEA-1;;;;;wikipedia;;637
Sizewell-A1;52.212000;1.621000;GB;5;8;MAGNOX;1961-04-01;1966-03-25;2006-12-31;290;WNA/IAEA;2015-05-24T04:51:10+03:00;638
Sizewell-A2;52.212000;1.621000;GB;5;8;MAGNOX;1961-04-01;1966-09-15;2006-12-31;290;WNA/IAEA;2015-05-24T04:51:11+03:00;639
Sizewell-B;52.212000;1.621000;GB;3;21;SNUPPS;1988-07-18;1995-09-22;;1188;WNA/IAEA;2015-05-24T04:51:18+03:00;640
Sizewell-C1;52.219390;1.622800;GB;1;21;;;;;;WNA;;641
Sizewell-C2;52.219390;1.623800;GB;1;21;;;;;;WNA;;642
Smolensk-1;54.169000;33.245000;RU;3;17;RBMK-1000;1975-10-01;1983-09-30;;925;WNA/IAEA;2015-05-24T04:51:34+03:00;643
Smolensk-2;54.169000;33.245000;RU;3;17;RBMK-1000;1976-06-01;1985-07-02;;925;WNA/IAEA;2015-05-24T04:51:34+03:00;644
Smolensk-3;54.169000;33.245000;RU;3;17;RBMK-1000;1984-05-01;1990-10-12;;925;WNA/IAEA;2015-05-24T04:51:36+03:00;645
Sosnovy Bor-1;;;RU;1;21;VVER;;;;;WNA;;646
South Texas-1;28.797000;-96.044000;US;3;21;WH 4LP (DRYAMB);1975-12-22;1988-08-25;;1250;WNA/IAEA;2017-02-10T23:59:20+02:00;647
South Texas-2;28.796000;-96.044000;US;3;21;WH 4LP (DRYAMB);1975-12-22;1989-06-19;;1250;WNA/IAEA;2017-02-10T23:59:21+02:00;648
South Ukraine-1;47.811000;31.220000;UA;3;21;VVER V-302;1976-08-01;1983-12-02;;950;WNA/IAEA;2015-05-24T04:51:40+03:00;649
South Ukraine-2;47.811000;31.220000;UA;3;21;VVER V-338;1981-07-01;1985-04-06;;950;WNA/IAEA;2015-05-24T04:51:40+03:00;650
South Ukraine-3;47.811000;31.220000;UA;3;21;VVER V-320;1984-11-01;1989-12-29;;950;WNA/IAEA;2015-05-24T04:51:40+03:00;651
St. Alban-1;45.404000;4.754000;FR;3;21;P4 REP 1300;1979-01-29;1986-05-01;;1335;WNA/IAEA;2015-05-24T04:51:00+03:00;652
St. Alban-2;45.404000;4.754000;FR;3;21;P4 REP 1300;1979-07-31;1987-03-01;;1335;WNA/IAEA;2015-05-24T04:51:01+03:00;653
St. Laurent-A1;47.724000;1.582000;FR;5;8;UNGG;1963-10-01;1969-06-01;1990-04-18;480;WNA/IAEA;2015-05-24T04:51:06+03:00;654
St. Laurent-A2;47.724000;1.582000;FR;5;8;UNGG;1966-01-01;1971-11-01;1992-05-27;515;WNA/IAEA;2015-05-24T04:51:07+03:00;655
St. Laurent-B1;47.724000;1.582000;FR;3;21;CP2;1976-05-01;1983-08-01;;915;WNA/IAEA;2015-05-24T04:50:51+03:00;656
St. Laurent-B2;47.720000;1.581000;FR;3;21;CP2;1976-07-01;1983-08-01;;880;WNA/IAEA;2015-05-24T04:50:53+03:00;657
St. Lucie-1;27.348000;-80.244000;US;3;21;CE 2LP (DRYAMB);1970-07-01;1976-12-21;;830;WNA/IAEA;2017-02-10T23:58:47+02:00;658
St. Lucie-2;27.348000;-80.244000;US;3;21;CE 2LP (DRYAMB);1977-06-02;1983-08-08;;830;WNA/IAEA;2017-02-10T23:58:56+02:00;659
Stade;53.620000;9.530000;DE;5;21;;1967-12-01;1972-05-19;2003-11-14;630;WNA/IAEA;2015-05-24T04:50:42+03:00;660
Summer-1;34.299000;-81.314000;US;3;21;WH 3LP (DRYAMB);1973-03-21;1984-01-01;;900;WNA/IAEA;2017-02-10T23:58:58+02:00;661
Summer-2;34.295833;-81.320278;US;8;21;AP-1000;2013-03-09;;;1117;IAEA;2018-03-10T14:56:12+02:00;662
Summer-3;34.295833;-81.320278;US;8;21;AP-1000;2013-11-02;;;1117;IAEA;2018-03-10T14:56:13+02:00;663
Super-Phenix;45.760000;5.474000;FR;5;7;Na-1200;1976-12-13;1986-12-01;1998-12-31;1200;WNA/IAEA;2015-05-24T04:50:53+03:00;664
Surry-1;37.166000;-76.700000;US;3;21;WH 3LP (DRYSUB);1968-06-25;1972-12-22;;788;WNA/IAEA;2017-02-10T23:58:10+02:00;665
Surry-2;37.166000;-76.700000;US;3;21;WH 3LP (DRYSUB);1968-06-25;1973-05-01;;788;WNA/IAEA;2017-02-10T23:58:11+02:00;666
Susquehanna-1;41.093000;-76.143000;US;3;5;BWR-4 (Mark 2);1973-11-02;1983-06-08;;1065;WNA/IAEA;2015-05-24T04:51:48+03:00;667
Susquehanna-2;41.093000;-76.143000;US;3;5;BWR-4 (Mark 2);1973-11-02;1985-02-12;;1065;WNA/IAEA;2015-05-24T04:51:48+03:00;668
Taishan-1;21.949000;112.956000;CN;3;21;EPR-1750;2009-11-18;2018-12-13;;1660;WNA/IAEA;2019-06-02T20:19:27+03:00;669
Taishan-2;21.949000;112.956000;CN;2;21;EPR-1750;2010-04-15;;;1660;WNA/IAEA;2015-05-24T04:51:56+03:00;670
Takahama-1;35.520000;135.503000;JP;3;21;M (3-loop);1970-04-25;1974-11-14;;780;WNA/IAEA;2015-05-24T04:51:30+03:00;671
Takahama-2;35.520000;135.503000;JP;3;21;M (3-loop);1971-03-09;1975-11-14;;780;WNA/IAEA;2015-05-24T04:51:27+03:00;672
Takahama-3;35.520000;135.503000;JP;3;21;M (3-loop);1980-12-12;1985-01-17;;830;WNA/IAEA;2015-05-24T04:51:28+03:00;673
Takahama-4;35.520000;135.503000;JP;3;21;M (3-loop);1981-03-19;1985-06-05;;830;WNA/IAEA;2015-05-24T04:51:28+03:00;674
Taohuajiang-1;;;CN;1;21;AP-1000;;;;;WNA;;675
Taohuajiang-2;;;CN;1;21;AP-1000;;;;;WNA;;676
Taohuajiang-3;;;CN;1;21;;;;;;WNA;;677
Taohuajiang-4;;;CN;1;21;;;;;;WNA;;678
Tarapur-1;19.834000;72.657000;IN;3;5;BWR-1 (Mark 2);1964-10-01;1969-10-28;;200;WNA/IAEA;2015-05-24T04:51:21+03:00;679
Tarapur-2;19.834000;72.657000;IN;3;5;BWR-1 (Mark 2);1964-10-01;1969-10-28;;200;WNA/IAEA;2015-05-24T04:51:22+03:00;680
Tarapur-3;19.834000;72.657000;IN;3;20;Horizontal Pressure Tube Type;2000-05-12;2006-08-18;;502;WNA/IAEA;2015-05-24T04:54:06+03:00;681
Tarapur-4;19.834000;72.657000;IN;3;20;Horizontal Pressure Tube Type;2000-03-08;2005-09-12;;502;WNA/IAEA;2015-05-24T04:54:06+03:00;682
Temelin-1;49.181000;14.377000;CZ;3;21;VVER V-320;1987-02-01;2002-06-10;;912;WNA/IAEA;2015-05-24T04:50:40+03:00;683
Temelin-2;49.181000;14.377000;CZ;3;21;VVER V-320;1987-02-01;2003-04-18;;912;WNA/IAEA;2015-05-24T04:50:41+03:00;684
Three Mile Island-1;40.154000;-76.727000;US;3;21;B&W LLP (DRYAMB);1968-05-18;1974-09-02;;819;WNA/IAEA;2017-02-10T23:58:19+02:00;685
Three Mile Island-2;40.154000;-76.727000;US;5;21;;1969-11-01;1978-12-30;1979-03-28;906;WNA/IAEA;2015-05-24T04:51:44+03:00;686
THTR-300;51.680000;7.972000;DE;5;9;Pebble bed reactor;1971-05-03;1987-06-01;1988-09-29;296;WNA/IAEA;2015-05-24T04:54:05+03:00;687
Tianwan-1;34.690000;119.456000;CN;3;21;VVER V-428;1999-10-20;2007-05-17;;990;WNA/IAEA;2015-05-24T04:51:50+03:00;688
Tianwan-2;34.690000;119.456000;CN;3;21;VVER V-428;2000-09-20;2007-08-16;;990;WNA/IAEA;2015-05-24T04:51:50+03:00;689
Tianwan-3;34.686800;119.456000;CN;3;21;VVER V-428M;2012-12-27;2018-02-14;;1060;WNA/IAEA;2018-07-01T01:21:55+03:00;690
Tianwan-4;34.685800;119.456000;CN;3;21;VVER V-428M;2013-09-27;2018-12-22;;1060;WNA/IAEA;2019-06-02T20:19:28+03:00;691
Tianwan-5;34.683800;119.456000;CN;2;21;CNP-1000;2015-12-27;;;1000;WNA/wikipedia/IAEA;2016-03-09T18:44:20+02:00;692
Tianwan-6;34.682800;119.456000;CN;2;21;CNP-1000;2016-09-07;;;1000;WNA/wikipedia/IAEA;2017-09-25T03:20:53+03:00;693
Tihange-1;50.533000;5.271000;BE;3;21;Framatome 3 loops reactor;1970-06-01;1975-10-01;;870;WNA/IAEA;2015-05-24T04:54:04+03:00;694
Tihange-2;50.533000;5.271000;BE;3;21;WH 3LP;1976-04-01;1983-06-01;;900;WNA/IAEA;2017-02-10T23:55:40+02:00;695
Tihange-3;50.533000;5.271000;BE;3;21;WH 3LP;1978-11-01;1985-09-01;;1020;WNA/IAEA;2017-02-10T23:55:44+02:00;696
Tokai-1;36.466000;140.612000;JP;5;8;MAGNOX;1961-03-01;1966-07-25;1998-03-31;159;WNA/IAEA;2015-05-24T04:51:27+03:00;697
Tokai-2;36.466000;140.612000;JP;3;5;BWR-5;1973-10-03;1978-11-28;;1056;WNA/IAEA;2015-05-24T04:51:28+03:00;698
Tomari-1;43.038000;140.515000;JP;3;21;M (2-loop);1985-04-18;1989-06-22;;550;WNA/IAEA;2015-05-24T04:51:29+03:00;699
Tomari-2;43.038000;140.515000;JP;3;21;M (2-loop);1985-06-13;1991-04-12;;550;WNA/IAEA;2015-05-24T04:51:29+03:00;700
Tomari-3;43.038000;140.515000;JP;3;21;M (3-loop);2004-11-18;2009-12-22;;866;WNA/IAEA;2015-05-24T04:51:50+03:00;701
Torness-1;55.966000;-2.399000;GB;3;8;AGR;1980-08-01;1988-05-25;;645;WNA/IAEA;2015-05-24T04:51:18+03:00;702
Torness-2;55.966000;-2.399000;GB;3;8;AGR;1980-08-01;1989-02-03;;645;WNA/IAEA;2015-05-24T04:51:18+03:00;703
Trawsfynydd-1;52.923000;-3.947000;GB;5;8;MAGNOX;1959-07-01;1965-03-24;1991-02-06;250;WNA/IAEA;2015-05-24T04:51:20+03:00;704
Trawsfynydd-2;52.922000;-3.947000;GB;5;8;MAGNOX;1959-07-01;1965-03-24;1991-02-04;250;WNA/IAEA;2015-05-24T04:51:20+03:00;705
Tricastin-1;44.330000;4.733000;FR;3;21;CP1;1974-11-01;1980-12-01;;915;WNA/IAEA;2015-05-24T04:50:51+03:00;706
Tricastin-2;44.330000;4.733000;FR;3;21;CP1;1974-12-01;1980-12-01;;915;WNA/IAEA;2015-05-24T04:50:51+03:00;707
Tricastin-3;44.331000;4.733000;FR;3;21;CP1;1975-04-01;1981-05-11;;915;WNA/IAEA;2015-05-24T04:50:53+03:00;708
Tricastin-4;44.331000;4.733000;FR;3;21;CP1;1975-05-01;1981-11-01;;915;WNA/IAEA;2015-05-24T04:50:53+03:00;709
Trillo-1;40.699000;-2.622000;ES;3;21;PWR 3 loops;1979-08-17;1988-08-06;;990;WNA/IAEA;2015-05-24T04:50:49+03:00;710
Trino Vercellese;45.182000;8.278000;IT;5;21;;1961-01-07;;;260;WNA;;711
Trojan;46.040000;-122.887000;US;5;21;;1970-02-01;1976-05-20;1992-11-09;1130;WNA/IAEA;2015-05-24T04:51:47+03:00;712
Tsuruga-1;35.672000;136.079000;JP;5;5;BWR-2;1966-11-24;1970-03-14;2015-04-27;341;WNA/IAEA;2015-05-24T04:51:28+03:00;713
Tsuruga-2;35.672000;136.079000;JP;3;21;M (4-loop);1982-11-06;1987-02-17;;1115;WNA/IAEA;2015-05-24T04:51:28+03:00;714
Tsuruga-3;;;JP;1;21;;;;;;WNA;;715
Tsuruga-4;;;JP;1;21;;;;;;WNA;;716
Turkey Point-3;25.435000;-80.330000;US;3;21;WH 3LP (DRYAMB);1967-04-27;1972-12-14;;693;WNA/IAEA;2017-02-10T23:57:56+02:00;717
Turkey Point-4;25.435000;-80.330000;US;3;21;WH 3LP (DRYAMB);1967-04-27;1973-09-07;;693;WNA/IAEA;2017-02-10T23:57:58+02:00;718
Ulchin-1;37.093000;129.393000;KR;3;21;;1983-01-26;;;920;WNA;;719
Ulchin-2;37.093000;129.393000;KR;3;21;;1983-07-05;;;920;WNA;;720
Ulchin-3;37.093000;129.393000;KR;3;21;;1993-07-21;;;960;WNA;;721
Ulchin-4;37.093000;129.393000;KR;3;21;;1993-11-01;;;960;WNA;;722
Ulchin-5;37.093000;129.393000;KR;3;21;;1999-10-01;;;950;WNA;;723
Ulchin-6;37.093000;129.393000;KR;3;21;;1999-10-01;;;950;WNA;;724
Unterweser;53.429000;8.477000;DE;5;21;PWR;1972-07-01;1979-09-06;2011-08-06;1230;WNA/IAEA;2015-05-24T04:50:42+03:00;725
Vandellos-1;40.949000;0.867000;ES;5;8;;1968-06-21;1972-08-02;1990-07-31;480;WNA/IAEA;2015-05-24T04:50:49+03:00;726
Vandellos-2;40.949000;0.867000;ES;3;21;WH 3LP;1980-12-29;1988-03-08;;930;WNA/IAEA;2017-02-10T23:56:13+02:00;727
Vermont Yankee;42.779000;-72.514000;US;5;5;BWR-4 (Mark 1);1967-12-11;1972-11-30;2014-12-29;514;WNA/IAEA;2015-05-24T04:51:42+03:00;728
Visaginas-1;55.605700;26.575842;LT;1;;;;;;;WNA;;729
Visaginas-2;55.605700;26.575842;LT;1;;;;;;;WNA;;730
Vogtle-1;33.143000;-81.760000;US;3;21;WH 4LP (DRYAMB);1976-08-01;1987-06-01;;1122;WNA/IAEA;2017-02-10T23:59:15+02:00;731
Vogtle-2;33.143000;-81.760000;US;3;21;WH 4LP (DRYAMB);1976-08-01;1989-05-20;;1101;WNA/IAEA;2017-02-10T23:59:16+02:00;732
Vogtle-3;33.139900;-81.768600;US;2;21;AP-1000;2013-03-12;;;1117;WNA/IAEA;2015-05-24T04:51:57+03:00;733
Vogtle-4;33.139900;-81.771200;US;2;21;AP-1000;2013-11-19;;;1117;WNA/IAEA;2015-05-24T04:51:58+03:00;734
Waterford-3;29.994000;-90.471000;US;3;21;CE 2LP (DRYAMB);1974-11-14;1985-09-24;;1104;WNA/IAEA;2017-02-10T23:58:56+02:00;735
Watts Bar-1;35.601000;-84.789000;US;3;21;WH 4LP (ICECND);1973-07-20;1996-05-27;;1218;WNA/IAEA;2017-02-10T23:58:57+02:00;736
Watts Bar-2;35.601000;-84.789000;US;3;21;WH 4LP (ICECND);1973-09-01;2016-10-19;;1165;WNA/IAEA;2017-02-10T23:58:57+02:00;737
Windscale AGR;54.426000;-3.505000;GB;5;8;AGR;1958-11-01;1963-03-01;1981-04-03;32;WNA/IAEA;2015-05-24T04:51:19+03:00;738
Winfrith SGHWR;50.680000;-2.272000;GB;5;24;;1963-05-01;1968-01-01;1990-09-11;92;WNA/IAEA;2015-05-24T04:51:12+03:00;739
Wolf Creek;38.239000;-95.691000;US;3;21;WH 4LP (DRYAMB);1977-05-31;1985-09-03;;1170;WNA/IAEA;2017-02-10T23:59:19+02:00;740
Wolsong-1;35.710000;129.476000;KR;3;20;CANDU 6;1977-10-30;1983-04-22;;629;WNA/IAEA;2018-03-10T14:51:40+02:00;741
Wolsong-2;35.710000;129.476000;KR;3;20;CANDU 6;1992-09-25;1997-07-01;;652;WNA/IAEA;2017-09-25T03:19:44+03:00;742
Wolsong-3;35.710000;129.476000;KR;3;20;CANDU 6;1994-03-17;1998-07-01;;665;WNA/IAEA;2018-03-10T14:51:38+02:00;743
Wolsong-4;35.710000;129.476000;KR;3;20;CANDU 6;1994-07-22;1999-10-01;;669;WNA/IAEA;2015-05-24T05:13:27+03:00;744
Wolsong-5;35.710100;129.481000;KR;1;20;;;;;;WNA;;745
Wolsong-6;35.710100;129.481000;KR;1;20;;;;;;WNA;;746
Wuergassen;51.639000;9.393000;DE;5;5;;1968-01-26;1975-11-11;1994-08-26;640;WNA/IAEA;2015-05-24T04:50:48+03:00;747
Wuhu-1;;;CN;1;21;;;;;;WNA;;748
Wuhu-2;;;CN;1;21;;;;;;WNA;;749
Wylfa-1;53.416000;-4.480000;GB;5;8;MAGNOX;1963-09-01;1971-11-01;2015-12-30;550;WNA/IAEA;2016-03-09T18:43:09+02:00;750
Wylfa-2;53.416000;-4.480000;GB;5;8;MAGNOX;1963-09-01;1972-01-03;2012-04-25;550;WNA/IAEA;2015-05-24T04:51:13+03:00;751
Xianning-1;29.660000;114.670000;CN;1;21;AP-1000;;;;;WNA/wikipedia;;752
Xianning-2;29.660000;114.670000;CN;1;21;AP-1000;;;;;WNA/wikipedia;;753
Xiaomoshan (Jiulongshan) 1;;;CN;1;21;;;;;;WNA;;754
Xiaomoshan (Jiulongshan) 2;;;CN;1;21;;;;;;WNA;;755
Yangjiang-1;21.706000;112.256000;CN;3;21;CPR-1000;2008-12-16;2014-03-25;;1021;WNA/IAEA;2015-05-24T04:51:52+03:00;756
Yangjiang-2;21.706000;112.256000;CN;3;21;CPR-1000;2009-06-04;2015-06-05;;1000;WNA/IAEA;2015-08-23T03:28:27+03:00;757
Yangjiang-3;21.706000;112.256000;CN;3;21;CPR-1000;2010-11-15;2016-01-01;;1000;WNA/IAEA;2016-03-09T18:43:57+02:00;758
Yangjiang-4;21.857500;111.982500;CN;3;21;CPR-1000;2012-11-17;2017-03-15;;1000;WNA/IAEA;2017-09-25T03:20:38+03:00;759
Yangjiang-5;21.857500;111.982500;CN;3;21;ACPR-1000;2013-09-18;2018-07-12;;1021;IAEA;2019-06-02T20:19:31+03:00;760
Yangjiang-6;21.857500;111.982500;CN;2;21;ACPR-1000;2013-12-23;;;1000;IAEA;2015-05-24T04:51:57+03:00;761
Yanjiashan-1;;;CN;1;21;;;;;;WNA;;762
Yanjiashan-2;;;CN;1;21;;;;;;WNA;;763
Yankee Rowe;42.728000;-72.929000;US;5;21;PWR;1957-11-01;1961-07-01;1991-10-01;175;WNA/IAEA;2015-05-24T04:51:43+03:00;764
Yonggwang-1;35.404000;126.419000;KR;3;21;;1981-06-04;;;900;WNA;;765
Yonggwang-2;35.404000;126.419000;KR;3;21;;1981-12-01;;;900;WNA;;766
Yonggwang-3;35.404000;126.419000;KR;3;21;;1989-12-23;;;950;WNA;;767
Yonggwang-4;35.404000;126.419000;KR;3;21;;1990-05-26;;;950;WNA;;768
Yonggwang-5;35.404000;126.419000;KR;3;21;;1997-06-29;;;950;WNA;;769
Yonggwang-6;35.404000;126.419000;KR;3;21;;1997-11-20;;;950;WNA;;770
Zaporozhye-1;47.508000;34.627000;UA;3;21;VVER V-320;1980-04-01;1985-12-25;;950;WNA/IAEA;2015-05-24T04:51:40+03:00;771
Zaporozhye-2;47.508000;34.627000;UA;3;21;VVER V-320;1981-01-01;1986-02-15;;950;WNA/IAEA;2015-05-24T04:51:40+03:00;772
Zaporozhye-3;47.508000;34.627000;UA;3;21;VVER V-320;1982-04-01;1987-03-05;;950;WNA/IAEA;2015-05-24T04:51:40+03:00;773
Zaporozhye-4;47.508000;34.627000;UA;3;21;VVER V-320;1983-04-01;1988-04-14;;950;WNA/IAEA;2015-05-24T04:51:40+03:00;774
Zaporozhye-5;47.508000;34.627000;UA;3;21;VVER V-320;1985-11-01;1989-10-27;;950;WNA/IAEA;2015-05-24T04:51:39+03:00;775
Zaporozhye-6;47.508000;34.627000;UA;3;21;VVER V-320;1986-06-01;1996-09-17;;950;WNA/IAEA;2015-05-24T04:51:39+03:00;776
Zhangzhou-1;;;CN;1;21;;;;;;WNA;;777
Zion-1;42.446000;-87.801000;US;5;21;WH 4LP;1968-12-01;1973-12-31;1998-02-13;1040;WNA/IAEA;2017-02-10T23:58:20+02:00;778
Zion-2;42.446000;-87.801000;US;5;21;WH 4LP;1968-12-01;1974-09-17;1998-02-13;1040;WNA/IAEA;2017-02-10T23:58:24+02:00;779
Fangchenggang-3;21.600000;108.300000;CN;2;21;HPR1000;2015-12-24;;;1000;IAEA;2016-03-09T18:44:20+02:00;780
Barakah-4;23.952748;52.203298;AE;2;21;APR-1400;2015-07-30;;;1345;IAEA;2016-03-09T18:44:24+02:00;781
Kanupp-2;24.845000;66.790000;PK;2;21;ACP-1000;2015-08-20;;;1014;IAEA;2017-02-10T23:59:38+02:00;783
Fangchenggang-4;21.600000;108.300000;CN;2;21;HPR1000;2016-12-23;;;1000;IAEA;2017-02-10T23:59:38+02:00;784
Kanupp-3;24.845000;66.790000;PK;2;21;ACP-1000;2016-05-31;;;1014;IAEA;2017-02-10T23:59:39+02:00;785
Rooppur-1;24.066667;89.047222;BD;2;21;VVER V-523;2017-11-30;;;1080;IAEA;2018-03-10T20:52:25+02:00;786
Kursk 2-1;51.674000;35.607000;RU;2;21;VVER V-510K;2018-04-29;;;1175;IAEA;2019-06-02T20:19:00+03:00;787
Rooppur-2;24.066667;89.047222;BD;2;21;VVER V-523;2018-07-14;;;1080;IAEA;2018-10-13T22:30:35+03:00;788
Kursk 2-2;51.674000;35.607000;RU;2;21;VVER V-510K;2019-04-15;;;1175;IAEA;2019-06-02T20:19:04+03:00;789
